n_detections,lat,lon,lat_min,lat_max,lon_min,lon_max,lat_span_km,lon_span_km,max_pair_km,first_date,last_date,n_days,days,frp_max_mw,frp_sum_mw,frp_mean_mw,sensors,confidence_high_or_nom,day_detections,night_detections,in_protected
271,44.89824,22.47853,44.871,44.91746,22.4195,22.51053,5.16,7.16,7.95,2026-09-30,2026-10-07,8,"2026-09-30,2026-10-01,2026-10-02,2026-10-03,2026-10-04,2026-10-05,2026-10-06,2026-10-07",97.4,970.4,3.58,"MODIS-1km,VIIRS-NOAA20-375m,VIIRS-SNPP-375m",262,55,216,Parcul National Domogled-Valea Cernei
61,44.52066,22.80029,44.50545,44.53038,22.75933,22.83214,2.77,5.76,5.81,2026-09-30,2026-10-05,3,"2026-09-30,2026-10-02,2026-10-05",35.1,591.6,9.7,"MODIS-1km,VIIRS-NOAA20-375m,VIIRS-SNPP-375m",58,60,1,
254,44.76612,22.32591,44.74095,44.79768,22.29196,22.36144,6.3,5.48,6.77,2026-09-30,2026-10-07,8,"2026-09-30,2026-10-01,2026-10-02,2026-10-03,2026-10-04,2026-10-05,2026-10-06,2026-10-07",14.5,587.2,2.31,"MODIS-1km,VIIRS-NOAA20-375m,VIIRS-SNPP-375m",245,46,208,Parcul Natural Portile de Fier
27,44.4872,22.97536,44.47731,44.49744,22.961,22.98516,2.23,1.91,2.84,2026-10-04,2026-10-04,1,2026-10-04,23.3,250.1,9.26,"VIIRS-NOAA20-375m,VIIRS-SNPP-375m",26,27,0,
21,44.91594,23.09635,44.91166,44.92049,23.08541,23.10534,0.98,1.57,1.57,2026-09-30,2026-09-30,1,2026-09-30,26.1,230.6,10.98,"MODIS-1km,VIIRS-NOAA20-375m,VIIRS-SNPP-375m",21,21,0,
47,44.34693,22.86563,44.33004,44.36085,22.84402,22.89949,3.42,4.4,5.3,2026-09-30,2026-10-06,6,"2026-09-30,2026-10-01,2026-10-03,2026-10-04,2026-10-05,2026-10-06",22.8,229.8,4.89,"MODIS-1km,VIIRS-NOAA20-375m,VIIRS-SNPP-375m",42,30,17,
35,44.85416,22.76049,44.84834,44.85899,22.75193,22.77035,1.18,1.45,1.59,2026-10-05,2026-10-07,3,"2026-10-05,2026-10-06,2026-10-07",19.1,133.8,3.82,"MODIS-1km,VIIRS-NOAA20-375m,VIIRS-SNPP-375m",35,9,26,
5,45.11119,21.70754,45.10549,45.11709,21.70066,21.71605,1.29,1.21,1.77,2026-09-30,2026-09-30,1,2026-09-30,54.5,124.6,24.93,"MODIS-1km,VIIRS-NOAA20-375m",4,5,0,
29,44.55704,22.80016,44.55261,44.56205,22.79047,22.81039,1.05,1.58,1.71,2026-10-04,2026-10-07,4,"2026-10-04,2026-10-05,2026-10-06,2026-10-07",19.7,121.4,4.19,"MODIS-1km,VIIRS-NOAA20-375m,VIIRS-SNPP-375m",29,6,23,
12,44.72085,22.92292,44.71617,44.72873,22.90983,22.931,1.39,1.67,1.91,2026-10-03,2026-10-04,2,"2026-10-03,2026-10-04",16.5,109.6,9.13,"MODIS-1km,VIIRS-NOAA20-375m,VIIRS-SNPP-375m",10,12,0,
8,45.18371,21.82006,45.17934,45.18722,21.81828,21.82249,0.87,0.33,0.88,2026-10-06,2026-10-06,1,2026-10-06,16.8,90.9,11.36,"VIIRS-NOAA20-375m,VIIRS-SNPP-375m",8,8,0,
13,44.63409,22.42017,44.62778,44.63932,22.41201,22.42704,1.28,1.19,1.49,2026-10-05,2026-10-07,3,"2026-10-05,2026-10-06,2026-10-07",30.2,90.1,6.93,"MODIS-1km,VIIRS-NOAA20-375m,VIIRS-SNPP-375m",13,8,5,
5,44.69548,22.88607,44.69305,44.69767,22.88098,22.88959,0.51,0.68,0.73,2026-10-04,2026-10-04,1,2026-10-04,31.4,81.2,16.23,"VIIRS-NOAA20-375m,VIIRS-SNPP-375m",5,5,0,
14,44.35548,22.66069,44.34806,44.36203,22.64648,22.68419,1.55,2.99,3.37,2026-09-30,2026-10-05,3,"2026-09-30,2026-10-01,2026-10-05",16.1,80.3,5.73,"MODIS-1km,VIIRS-NOAA20-375m,VIIRS-SNPP-375m",14,12,2,
19,44.33313,22.72542,44.32049,44.34388,22.72085,22.73178,2.6,0.87,2.71,2026-10-05,2026-10-06,2,"2026-10-05,2026-10-06",8.4,78.9,4.15,"MODIS-1km,VIIRS-NOAA20-375m,VIIRS-SNPP-375m",17,15,4,
5,44.69756,23.07436,44.69181,44.70507,23.05731,23.08359,1.47,2.07,2.34,2026-10-03,2026-10-05,3,"2026-10-03,2026-10-04,2026-10-05",51.5,72.9,14.58,"MODIS-1km,VIIRS-NOAA20-375m,VIIRS-SNPP-375m",4,5,0,
10,44.68184,23.23988,44.67448,44.68753,23.2304,23.24495,1.45,1.15,1.63,2026-09-30,2026-09-30,1,2026-09-30,22.7,62.8,6.28,"MODIS-1km,VIIRS-NOAA20-375m,VIIRS-SNPP-375m",10,10,0,
16,44.39771,22.82085,44.37994,44.41236,22.79168,22.84,3.6,3.83,4.99,2026-09-30,2026-10-06,3,"2026-09-30,2026-10-01,2026-10-06",7.2,52.1,3.26,"VIIRS-NOAA20-375m,VIIRS-SNPP-375m",14,10,6,
7,44.41296,22.95219,44.40597,44.42336,22.94325,22.96628,1.93,1.83,2.37,2026-09-30,2026-10-03,2,"2026-09-30,2026-10-03",30.0,49.0,7.01,"MODIS-1km,VIIRS-NOAA20-375m,VIIRS-SNPP-375m",7,7,0,
8,44.49245,22.83005,44.48575,44.49877,22.795,22.84452,1.45,3.92,4.08,2026-10-04,2026-10-07,3,"2026-10-04,2026-10-06,2026-10-07",11.2,40.0,5.0,"MODIS-1km,VIIRS-NOAA20-375m,VIIRS-SNPP-375m",6,6,2,
6,44.93579,22.67692,44.93352,44.93928,22.6738,22.68121,0.64,0.58,0.87,2026-10-03,2026-10-03,1,2026-10-03,6.0,33.1,5.52,"VIIRS-NOAA20-375m,VIIRS-SNPP-375m",6,6,0,
5,44.33622,22.94483,44.33439,44.33791,22.94332,22.94739,0.39,0.32,0.47,2026-10-06,2026-10-06,1,2026-10-06,6.6,27.0,5.39,"VIIRS-NOAA20-375m,VIIRS-SNPP-375m",4,5,0,
5,44.94549,22.88575,44.94379,44.94746,22.88344,22.88924,0.41,0.46,0.54,2026-10-04,2026-10-04,1,2026-10-04,9.3,21.4,4.27,"VIIRS-NOAA20-375m,VIIRS-SNPP-375m",4,5,0,
8,44.44779,22.76848,44.4439,44.45132,22.76007,22.77656,0.82,1.31,1.39,2026-10-06,2026-10-07,2,"2026-10-06,2026-10-07",5.3,19.2,2.4,"VIIRS-NOAA20-375m,VIIRS-SNPP-375m",8,2,6,
6,44.40443,22.75175,44.40059,44.41255,22.73857,22.76424,1.33,2.04,2.08,2026-10-03,2026-10-06,3,"2026-10-03,2026-10-04,2026-10-06",4.0,9.8,1.63,"VIIRS-NOAA20-375m,VIIRS-SNPP-375m",6,2,4,
