sensor,lat,lon,date,time_utc,frp_mw,confidence,confidence_pct,daynight,satellite,bright_ti4,bright_ti5
VIIRS-SNPP-375m,44.90297,22.4782,2026-09-30,0054,1.13,nominal,60,N,N,296.02,280.83
VIIRS-SNPP-375m,44.90201,22.4834,2026-09-30,0054,0.56,nominal,60,N,N,300,279.2
VIIRS-SNPP-375m,44.88413,22.42444,2026-09-30,0054,1.06,nominal,60,N,N,303.69,283.9
VIIRS-SNPP-375m,44.8766,22.4263,2026-09-30,0054,1.5,nominal,60,N,N,305.31,284.4
VIIRS-NOAA20-375m,44.88263,22.42324,2026-09-30,0113,1.27,nominal,60,N,N20,297.62,283.42
VIIRS-NOAA20-375m,44.8774,22.42511,2026-09-30,0113,1.35,nominal,60,N,N20,301.06,283.86
MODIS-1km,45.11531,21.70066,2026-09-30,0830,54.45,71,71,D,T,312.9,292.16
VIIRS-SNPP-375m,44.35119,22.85501,2026-09-30,1038,8.08,nominal,60,D,N,356.86,300.46
VIIRS-SNPP-375m,44.40905,22.94475,2026-09-30,1041,0.8,nominal,60,D,N,326.52,294.23
VIIRS-SNPP-375m,44.35306,22.64882,2026-09-30,1041,8.75,high,90,D,N,367,299.91
VIIRS-SNPP-375m,44.59995,23.29503,2026-09-30,1041,3.39,nominal,60,D,N,349.12,296.94
VIIRS-SNPP-375m,44.5149,22.81255,2026-09-30,1041,3.13,nominal,60,D,N,334.4,294.54
VIIRS-SNPP-375m,44.51227,22.80337,2026-09-30,1041,5.27,nominal,60,D,N,343.37,294
VIIRS-SNPP-375m,44.5174,22.80091,2026-09-30,1041,27.81,high,90,D,N,367,300.45
VIIRS-SNPP-375m,44.51873,22.80556,2026-09-30,1041,27.81,nominal,60,D,N,338.53,299.29
VIIRS-SNPP-375m,44.51609,22.79635,2026-09-30,1041,35.07,nominal,60,D,N,351.32,298.89
VIIRS-SNPP-375m,44.52246,22.79822,2026-09-30,1041,27.81,high,90,D,N,367,299.02
VIIRS-SNPP-375m,44.52112,22.79352,2026-09-30,1041,35.07,nominal,60,D,N,351.18,323.26
VIIRS-SNPP-375m,44.51978,22.78884,2026-09-30,1041,35.07,nominal,60,D,N,349.68,296.09
VIIRS-SNPP-375m,44.31912,21.99444,2026-09-30,1041,7.41,high,90,D,N,367,293.12
VIIRS-SNPP-375m,44.68159,23.23895,2026-09-30,1041,2.19,nominal,60,D,N,325.34,293.21
VIIRS-SNPP-375m,44.68753,23.23989,2026-09-30,1041,3.11,nominal,60,D,N,325.1,294.03
VIIRS-SNPP-375m,44.71978,23.27436,2026-09-30,1041,5.33,nominal,60,D,N,343.49,298.04
VIIRS-SNPP-375m,44.9166,23.10125,2026-09-30,1041,25.08,high,90,D,N,367,304.31
VIIRS-SNPP-375m,44.91552,23.09734,2026-09-30,1041,9.26,high,90,D,N,367,299.85
VIIRS-SNPP-375m,44.91442,23.09341,2026-09-30,1041,9.26,high,90,D,N,367,299.94
VIIRS-SNPP-375m,44.91401,23.0917,2026-09-30,1041,5.99,high,90,D,N,367,298.91
VIIRS-SNPP-375m,44.91732,23.10342,2026-09-30,1041,13.64,nominal,60,D,N,333.65,294.9
VIIRS-SNPP-375m,44.91622,23.09952,2026-09-30,1041,13.52,nominal,60,D,N,355.83,305.63
VIIRS-SNPP-375m,44.91512,23.09563,2026-09-30,1041,13.52,nominal,60,D,N,343.55,299.42
VIIRS-SNPP-375m,44.97211,23.21727,2026-09-30,1041,2.36,nominal,60,D,N,330.66,298.65
VIIRS-NOAA20-375m,44.34592,22.84986,2026-09-30,1058,22.75,nominal,60,D,N20,343.32,301.22
VIIRS-NOAA20-375m,44.35738,22.84492,2026-09-30,1058,7.86,nominal,60,D,N20,333.83,301.23
VIIRS-NOAA20-375m,44.35672,22.84528,2026-09-30,1058,8.45,nominal,60,D,N20,334.32,301.61
VIIRS-NOAA20-375m,44.40888,22.95006,2026-09-30,1058,2.12,nominal,60,D,N20,327.75,301.18
VIIRS-NOAA20-375m,44.40739,22.94325,2026-09-30,1058,2.63,nominal,60,D,N20,327.9,301.89
VIIRS-NOAA20-375m,44.34887,22.65795,2026-09-30,1058,2.11,nominal,60,D,N20,328.81,302.23
VIIRS-NOAA20-375m,44.59959,23.29672,2026-09-30,1058,2.72,nominal,60,D,N20,325.43,299.17
VIIRS-NOAA20-375m,44.31654,21.99581,2026-09-30,1058,3.75,nominal,60,D,N20,335.03,295.07
VIIRS-NOAA20-375m,44.51618,22.81532,2026-09-30,1058,6.01,nominal,60,D,N20,326.46,295.35
VIIRS-NOAA20-375m,44.51468,22.80842,2026-09-30,1058,6.01,nominal,60,D,N20,347.69,306.02
VIIRS-NOAA20-375m,44.51316,22.80148,2026-09-30,1058,3.77,nominal,60,D,N20,336.47,300.64
VIIRS-NOAA20-375m,44.51853,22.80695,2026-09-30,1058,6.09,nominal,60,D,N20,346.66,303.84
VIIRS-NOAA20-375m,44.51701,22.79997,2026-09-30,1058,6.13,nominal,60,D,N20,331.4,305.52
VIIRS-NOAA20-375m,44.5155,22.79305,2026-09-30,1058,6.13,nominal,60,D,N20,332.33,298.43
VIIRS-NOAA20-375m,44.46439,22.55999,2026-09-30,1058,1.78,low,30,D,N20,326.8,300.53
VIIRS-NOAA20-375m,44.52237,22.80545,2026-09-30,1058,6.09,nominal,60,D,N20,331,298.11
VIIRS-NOAA20-375m,44.52083,22.7984,2026-09-30,1058,6.13,nominal,60,D,N20,343.31,305.86
VIIRS-NOAA20-375m,44.5193,22.79137,2026-09-30,1058,6.13,nominal,60,D,N20,347.65,303.57
VIIRS-NOAA20-375m,44.52464,22.79677,2026-09-30,1058,5.73,nominal,60,D,N20,339.66,297.95
VIIRS-NOAA20-375m,44.52311,22.7897,2026-09-30,1058,5.73,nominal,60,D,N20,344.37,298.31
VIIRS-NOAA20-375m,44.51834,22.76781,2026-09-30,1058,6.86,nominal,60,D,N20,335.27,302.46
VIIRS-NOAA20-375m,44.52067,22.75933,2026-09-30,1058,6.86,nominal,60,D,N20,340.87,299.06
VIIRS-NOAA20-375m,44.68151,23.24203,2026-09-30,1058,3.03,nominal,60,D,N20,325.99,293.49
VIIRS-NOAA20-375m,44.68322,23.24088,2026-09-30,1058,4.46,nominal,60,D,N20,337.09,297.12
VIIRS-NOAA20-375m,44.91439,23.10534,2026-09-30,1058,9.0,nominal,60,D,N20,334.3,299.42
VIIRS-NOAA20-375m,44.91166,23.09254,2026-09-30,1058,10.44,nominal,60,D,N20,346.86,301.97
VIIRS-NOAA20-375m,44.7692,22.32239,2026-09-30,1058,3.04,nominal,60,D,N20,327,290.89
VIIRS-NOAA20-375m,44.89079,22.50025,2026-09-30,1058,4.56,nominal,60,D,N20,330.5,294.68
VIIRS-NOAA20-375m,45.11081,21.70734,2026-09-30,1058,4.6,nominal,60,D,N20,335.55,298.96
VIIRS-NOAA20-375m,45.11709,21.71605,2026-09-30,1058,42.92,nominal,60,D,N20,339.12,295.97
VIIRS-SNPP-375m,44.3491,22.85525,2026-09-30,1219,3.84,nominal,60,D,N,338.82,301.47
VIIRS-SNPP-375m,44.35388,22.84601,2026-09-30,1219,3.02,nominal,60,D,N,335.87,300.29
VIIRS-SNPP-375m,44.35913,22.8458,2026-09-30,1219,3.02,nominal,60,D,N,333.71,296.58
VIIRS-SNPP-375m,44.35395,22.65079,2026-09-30,1219,3.08,nominal,60,D,N,343.91,300.68
VIIRS-SNPP-375m,44.35372,22.64648,2026-09-30,1219,3.08,nominal,60,D,N,340.53,298.76
VIIRS-SNPP-375m,44.35393,22.84687,2026-09-30,1219,2.89,nominal,60,D,N,335.57,300.05
VIIRS-SNPP-375m,44.35918,22.84663,2026-09-30,1219,2.89,nominal,60,D,N,340.67,296.6
VIIRS-SNPP-375m,44.35506,22.65133,2026-09-30,1219,3.0,nominal,60,D,N,331.62,298.34
VIIRS-SNPP-375m,44.35485,22.64701,2026-09-30,1219,3.0,nominal,60,D,N,353.19,299.76
VIIRS-SNPP-375m,44.40597,22.94398,2026-09-30,1219,1.4,nominal,60,D,N,334.4,296.9
VIIRS-SNPP-375m,44.51403,22.80007,2026-09-30,1219,12.82,high,90,D,N,367,298.97
VIIRS-SNPP-375m,44.51381,22.79564,2026-09-30,1219,12.82,high,90,D,N,367,300.29
VIIRS-SNPP-375m,44.51466,22.81302,2026-09-30,1219,2.29,nominal,60,D,N,331.36,297.73
VIIRS-SNPP-375m,44.51424,22.80443,2026-09-30,1219,11.76,nominal,60,D,N,355.65,300.48
VIIRS-SNPP-375m,44.51359,22.79124,2026-09-30,1219,5.09,nominal,60,D,N,332.26,293.22
VIIRS-SNPP-375m,44.51966,22.80783,2026-09-30,1219,4.62,nominal,60,D,N,334.08,300.3
VIIRS-SNPP-375m,44.51765,22.76732,2026-09-30,1219,6.08,nominal,60,D,N,338.57,304.87
VIIRS-SNPP-375m,44.52447,22.79875,2026-09-30,1219,5.63,high,90,D,N,367,302.27
VIIRS-SNPP-375m,44.52265,22.76244,2026-09-30,1219,6.08,high,90,D,N,367,299.64
VIIRS-SNPP-375m,44.52489,22.80713,2026-09-30,1219,4.62,nominal,60,D,N,337.96,298.12
VIIRS-SNPP-375m,44.52467,22.80292,2026-09-30,1219,4.62,nominal,60,D,N,351.37,300.94
VIIRS-SNPP-375m,44.52426,22.79459,2026-09-30,1219,5.63,nominal,60,D,N,334.78,301.66
VIIRS-SNPP-375m,44.52405,22.79045,2026-09-30,1219,4.28,nominal,60,D,N,327.99,300.5
VIIRS-SNPP-375m,44.52386,22.7866,2026-09-30,1219,4.28,nominal,60,D,N,349.66,300.51
VIIRS-SNPP-375m,44.52287,22.76684,2026-09-30,1219,6.08,nominal,60,D,N,341.76,297.83
VIIRS-SNPP-375m,44.5295,22.79422,2026-09-30,1219,25.93,high,90,D,N,367,304.99
VIIRS-SNPP-375m,44.52929,22.79013,2026-09-30,1219,17.76,nominal,60,D,N,352.53,302.99
VIIRS-SNPP-375m,44.53201,22.63922,2026-09-30,1219,4.57,nominal,60,D,N,351.89,299.61
VIIRS-SNPP-375m,44.68262,23.2352,2026-09-30,1219,5.49,high,90,D,N,367,297.58
VIIRS-SNPP-375m,44.68308,23.24495,2026-09-30,1219,3.02,nominal,60,D,N,325.23,293.95
VIIRS-SNPP-375m,44.68285,23.24009,2026-09-30,1219,5.49,nominal,60,D,N,337.77,295.72
VIIRS-SNPP-375m,44.68536,23.24293,2026-09-30,1219,5.72,nominal,60,D,N,345.98,295.59
VIIRS-SNPP-375m,44.71916,23.27866,2026-09-30,1219,2.77,nominal,60,D,N,329.12,296.5
VIIRS-SNPP-375m,44.75702,22.3419,2026-09-30,1219,3.87,nominal,60,D,N,339.62,294.86
VIIRS-SNPP-375m,44.75936,22.3422,2026-09-30,1219,2.04,nominal,60,D,N,328.7,292.12
VIIRS-SNPP-375m,44.75915,22.33807,2026-09-30,1219,2.04,nominal,60,D,N,332.28,293.17
VIIRS-SNPP-375m,44.91537,23.09996,2026-09-30,1219,5.23,high,90,D,N,367,302.81
VIIRS-SNPP-375m,44.91473,23.08541,2026-09-30,1219,8.49,high,90,D,N,367,302.12
VIIRS-SNPP-375m,44.91559,23.1049,2026-09-30,1219,5.23,nominal,60,D,N,337.61,300.1
VIIRS-SNPP-375m,44.91515,23.09497,2026-09-30,1219,8.16,nominal,60,D,N,355.4,301.36
VIIRS-SNPP-375m,44.91494,23.09008,2026-09-30,1219,8.16,nominal,60,D,N,349.6,300.5
VIIRS-SNPP-375m,44.88416,22.43417,2026-09-30,1219,1.82,nominal,60,D,N,331.75,293.1
VIIRS-SNPP-375m,44.92049,23.09485,2026-09-30,1219,2.64,nominal,60,D,N,327.86,292.9
VIIRS-SNPP-375m,44.92028,23.09005,2026-09-30,1219,2.64,nominal,60,D,N,335.65,293.69
VIIRS-NOAA20-375m,44.35659,22.84859,2026-09-30,1240,7.64,nominal,60,D,N20,326.52,294.71
VIIRS-NOAA20-375m,44.4062,22.8235,2026-09-30,1240,3.97,nominal,60,D,N20,327.25,294.67
VIIRS-NOAA20-375m,44.50917,22.80457,2026-09-30,1240,8.6,nominal,60,D,N20,326.76,294.46
VIIRS-NOAA20-375m,44.52333,22.79497,2026-09-30,1240,5.19,low,30,D,N20,326.91,297.83
VIIRS-NOAA20-375m,44.52337,22.78692,2026-09-30,1240,5.19,nominal,60,D,N20,336.64,296.6
VIIRS-NOAA20-375m,44.53038,22.79536,2026-09-30,1240,5.19,nominal,60,D,N20,338.5,293.74
VIIRS-NOAA20-375m,44.5134,22.80768,2026-09-30,1240,12.8,nominal,60,D,N20,332.33,297.77
VIIRS-NOAA20-375m,44.52062,22.78945,2026-09-30,1240,6.31,nominal,60,D,N20,327.62,295.81
VIIRS-NOAA20-375m,44.5276,22.79809,2026-09-30,1240,8.08,nominal,60,D,N20,339.51,294.73
VIIRS-NOAA20-375m,44.52768,22.78969,2026-09-30,1240,6.31,nominal,60,D,N20,326.4,295.29
VIIRS-NOAA20-375m,44.91885,23.10068,2026-09-30,1240,14.47,high,90,D,N20,367,294.27
VIIRS-NOAA20-375m,44.91895,23.08987,2026-09-30,1240,14.47,nominal,60,D,N20,334.8,294.34
VIIRS-NOAA20-375m,44.8868,22.43573,2026-09-30,1240,4.12,nominal,60,D,N20,328.16,289.91
VIIRS-NOAA20-375m,44.91465,23.09292,2026-09-30,1240,26.14,high,90,D,N20,367,299.8
VIIRS-NOAA20-375m,44.91449,23.10401,2026-09-30,1240,17.43,nominal,60,D,N20,337.97,295.88
MODIS-1km,44.34868,22.85889,2026-09-30,1344,6.77,66,66,D,A,311.14,298.9
MODIS-1km,44.34699,22.84634,2026-09-30,1344,8.14,70,70,D,A,312.4,298.23
MODIS-1km,44.35582,22.84402,2026-09-30,1344,6.38,49,49,D,A,310.81,297.3
MODIS-1km,44.34806,22.64656,2026-09-30,1344,9.64,64,64,D,A,314.63,297.71
MODIS-1km,44.377,22.79404,2026-09-30,1344,7.3,70,70,D,A,311.91,300.56
MODIS-1km,44.31183,21.99294,2026-09-30,1344,5.39,51,51,D,A,303.64,292.46
MODIS-1km,44.50803,22.80451,2026-09-30,1344,7.46,45,45,D,A,311.96,298.2
MODIS-1km,44.524,22.78733,2026-09-30,1344,20.54,83,83,D,A,325.43,298.62
MODIS-1km,44.67619,23.24346,2026-09-30,1344,7.61,67,67,D,A,308.72,293.75
MODIS-1km,44.67448,23.2304,2026-09-30,1344,22.71,83,83,D,A,324.31,294.1
MODIS-1km,44.75855,22.34258,2026-09-30,1344,6.68,59,59,D,A,306.73,291.83
MODIS-1km,44.76696,22.32035,2026-09-30,1344,7.28,45,45,D,A,305.18,290.32
MODIS-1km,44.91607,23.09546,2026-09-30,1344,7.82,69,69,D,A,309.99,297.47
MODIS-1km,44.88367,22.50298,2026-09-30,1344,8.72,67,67,D,A,308.89,290.96
MODIS-1km,44.88401,22.43814,2026-09-30,1344,5.65,57,57,D,A,304.46,292.35
MODIS-1km,45.10723,21.71294,2026-09-30,1344,5.1,54,54,D,A,307.88,296.81
MODIS-1km,45.10549,21.70069,2026-09-30,1344,17.57,82,82,D,A,323.05,298.58
VIIRS-SNPP-375m,44.90558,22.47784,2026-10-01,0037,0.53,nominal,60,N,N,299.05,279.2
VIIRS-SNPP-375m,44.90487,22.48285,2026-10-01,0037,0.53,nominal,60,N,N,297.9,280.12
VIIRS-SNPP-375m,44.90439,22.46176,2026-10-01,0037,0.5,nominal,60,N,N,297.24,280.64
VIIRS-SNPP-375m,44.90224,22.47686,2026-10-01,0037,0.59,nominal,60,N,N,295.57,280.8
VIIRS-SNPP-375m,44.88802,22.5035,2026-10-01,0037,2.22,nominal,60,N,N,333.41,284.13
VIIRS-SNPP-375m,44.88733,22.50841,2026-10-01,0037,2.22,nominal,60,N,N,311.93,281.42
VIIRS-SNPP-375m,44.89101,22.45803,2026-10-01,0037,0.46,nominal,60,N,N,295.13,279.48
VIIRS-SNPP-375m,44.8717,22.44707,2026-10-01,0037,0.55,nominal,60,N,N,295.92,281.63
VIIRS-SNPP-375m,44.871,22.45197,2026-10-01,0037,0.55,nominal,60,N,N,296.72,281.49
VIIRS-SNPP-375m,44.77132,22.31738,2026-10-01,0037,0.85,nominal,60,N,N,308.05,283.17
VIIRS-SNPP-375m,44.77061,22.32238,2026-10-01,0037,0.85,nominal,60,N,N,302.77,283.02
VIIRS-SNPP-375m,44.76799,22.31623,2026-10-01,0037,1.01,nominal,60,N,N,298.87,282.74
VIIRS-SNPP-375m,44.76729,22.32126,2026-10-01,0037,1.01,nominal,60,N,N,315.18,284.65
VIIRS-SNPP-375m,44.76659,22.32621,2026-10-01,0037,1.67,nominal,60,N,N,312.24,284.01
VIIRS-SNPP-375m,44.76396,22.32012,2026-10-01,0037,1.01,nominal,60,N,N,302.58,283.53
VIIRS-SNPP-375m,44.76045,22.34506,2026-10-01,0037,0.94,nominal,60,N,N,306.82,283.88
VIIRS-SNPP-375m,44.75782,22.33905,2026-10-01,0037,0.91,nominal,60,N,N,295.57,282.55
VIIRS-SNPP-375m,44.75711,22.34406,2026-10-01,0037,1.7,nominal,60,N,N,317.6,284.99
VIIRS-SNPP-375m,44.74429,22.36092,2026-10-01,0037,1.12,nominal,60,N,N,310.02,284.68
VIIRS-SNPP-375m,44.74095,22.35993,2026-10-01,0037,1.12,nominal,60,N,N,306.37,284.03
VIIRS-SNPP-375m,44.48686,22.71793,2026-10-01,0037,0.63,nominal,60,N,N,299.91,282.7
VIIRS-SNPP-375m,44.48354,22.71697,2026-10-01,0037,0.63,nominal,60,N,N,300.54,282.96
VIIRS-SNPP-375m,44.41236,22.79168,2026-10-01,0037,0.48,nominal,60,N,N,299.4,277.33
VIIRS-SNPP-375m,44.41165,22.79656,2026-10-01,0037,0.48,nominal,60,N,N,297.74,276.99
VIIRS-SNPP-375m,44.41022,22.80634,2026-10-01,0037,0.49,nominal,60,N,N,296.72,276.87
VIIRS-SNPP-375m,44.40762,22.8005,2026-10-01,0037,0.96,nominal,60,N,N,308.51,277.72
VIIRS-SNPP-375m,44.35779,22.85752,2026-10-01,0037,1.16,nominal,60,N,N,304.57,281.58
VIIRS-SNPP-375m,44.35576,22.6509,2026-10-01,0037,0.56,nominal,60,N,N,296.07,278.67
VIIRS-NOAA20-375m,44.90586,22.47698,2026-10-01,0056,0.99,nominal,60,N,N20,296.34,278.41
VIIRS-NOAA20-375m,44.90232,22.47568,2026-10-01,0056,0.55,nominal,60,N,N20,295.56,280.46
VIIRS-NOAA20-375m,44.88911,22.50309,2026-10-01,0056,3.4,nominal,60,N,N20,324.42,282.69
VIIRS-NOAA20-375m,44.88788,22.50918,2026-10-01,0056,0.97,nominal,60,N,N20,299.57,279.76
VIIRS-NOAA20-375m,44.89052,22.45859,2026-10-01,0056,0.78,nominal,60,N,N20,302.17,279.65
VIIRS-NOAA20-375m,44.87556,22.4195,2026-10-01,0056,0.77,nominal,60,N,N20,300.15,282.55
VIIRS-NOAA20-375m,44.7725,22.31774,2026-10-01,0056,0.67,nominal,60,N,N20,296.11,281.76
VIIRS-NOAA20-375m,44.7689,22.31676,2026-10-01,0056,0.67,nominal,60,N,N20,300,282.99
VIIRS-NOAA20-375m,44.76774,22.32258,2026-10-01,0056,0.81,nominal,60,N,N20,298.33,283.28
VIIRS-NOAA20-375m,44.76654,22.3286,2026-10-01,0056,0.81,nominal,60,N,N20,297.32,282.68
VIIRS-NOAA20-375m,44.76413,22.32165,2026-10-01,0056,1.22,nominal,60,N,N20,304.6,283.9
VIIRS-NOAA20-375m,44.75946,22.34506,2026-10-01,0056,1.28,nominal,60,N,N20,304.6,284.06
VIIRS-NOAA20-375m,44.75707,22.33799,2026-10-01,0056,1.13,nominal,60,N,N20,301.16,282.73
VIIRS-NOAA20-375m,44.75591,22.34381,2026-10-01,0056,1.28,nominal,60,N,N20,310.56,284.08
VIIRS-NOAA20-375m,44.74169,22.35785,2026-10-01,0056,0.67,nominal,60,N,N20,299.88,283.47
VIIRS-NOAA20-375m,44.48742,22.71963,2026-10-01,0056,0.65,nominal,60,N,N20,297.77,282.11
VIIRS-NOAA20-375m,44.48382,22.71824,2026-10-01,0056,0.65,nominal,60,N,N20,302.66,282.75
VIIRS-NOAA20-375m,44.47559,22.68308,2026-10-01,0056,0.51,nominal,60,N,N20,301.58,278.98
VIIRS-NOAA20-375m,44.47559,22.68814,2026-10-01,0056,0.55,nominal,60,N,N20,301.09,279.03
VIIRS-NOAA20-375m,44.41156,22.79183,2026-10-01,0056,1.17,nominal,60,N,N20,307.8,277.72
VIIRS-NOAA20-375m,44.41032,22.79782,2026-10-01,0056,1.17,nominal,60,N,N20,307.21,277.65
VIIRS-NOAA20-375m,44.35572,22.85364,2026-10-01,0056,1.32,nominal,60,N,N20,295.19,280.9
VIIRS-NOAA20-375m,44.35446,22.85966,2026-10-01,0056,0.7,nominal,60,N,N20,295.69,280.72
VIIRS-NOAA20-375m,44.35611,22.65269,2026-10-01,0056,0.64,nominal,60,N,N20,295.6,278.96
VIIRS-NOAA20-375m,44.33917,22.69754,2026-10-01,0056,0.72,nominal,60,N,N20,299.59,275.02
VIIRS-SNPP-375m,44.37008,23.14217,2026-10-01,1200,3.52,nominal,60,D,N,335.98,301.67
VIIRS-SNPP-375m,44.35646,22.85622,2026-10-01,1200,2.6,nominal,60,D,N,335.72,301.56
VIIRS-SNPP-375m,44.6054,23.15552,2026-10-01,1200,4.71,nominal,60,D,N,347.03,299.23
VIIRS-SNPP-375m,44.75486,22.34484,2026-10-01,1200,4.0,nominal,60,D,N,339.92,294.6
VIIRS-SNPP-375m,45.52275,22.49768,2026-10-01,1200,3.24,nominal,60,D,N,330.4,296.52
VIIRS-NOAA20-375m,44.30787,22.94913,2026-10-01,1219,1.85,nominal,60,D,N20,329.6,300.08
VIIRS-NOAA20-375m,44.35622,22.85888,2026-10-01,1219,1.32,nominal,60,D,N20,325.14,298.1
VIIRS-NOAA20-375m,44.60489,23.15689,2026-10-01,1219,5.95,nominal,60,D,N20,351.47,298.38
VIIRS-NOAA20-375m,44.75391,22.34584,2026-10-01,1219,2.82,nominal,60,D,N20,332.53,293.07
MODIS-1km,44.76564,22.31572,2026-10-01,1836,8.1,59,59,N,T,304.12,285.5
VIIRS-SNPP-375m,44.90695,22.47938,2026-10-02,0016,1.71,nominal,60,N,N,297.94,280.95
VIIRS-SNPP-375m,44.90625,22.48646,2026-10-02,0016,1.71,nominal,60,N,N,308.33,281.58
VIIRS-SNPP-375m,44.90228,22.48569,2026-10-02,0016,1.71,nominal,60,N,N,311.33,281.88
VIIRS-SNPP-375m,44.88846,22.50282,2026-10-02,0016,2.03,nominal,60,N,N,298.06,280.93
VIIRS-SNPP-375m,44.76264,22.32224,2026-10-02,0016,1.66,nominal,60,N,N,307.86,285.19
VIIRS-SNPP-375m,44.76197,22.32185,2026-10-02,0016,2.78,nominal,60,N,N,308.55,285.15
VIIRS-NOAA20-375m,44.90772,22.47969,2026-10-02,0035,1.11,nominal,60,N,N20,307.97,281.39
VIIRS-NOAA20-375m,44.90696,22.48449,2026-10-02,0035,1.64,nominal,60,N,N20,318.64,281.94
VIIRS-NOAA20-375m,44.90746,22.45954,2026-10-02,0035,0.4,nominal,60,N,N20,298.35,281.06
VIIRS-NOAA20-375m,44.9037,22.48347,2026-10-02,0035,1.3,nominal,60,N,N20,316.98,283.07
VIIRS-NOAA20-375m,44.90294,22.48826,2026-10-02,0035,1.3,nominal,60,N,N20,307.62,281.12
VIIRS-NOAA20-375m,44.88685,22.50335,2026-10-02,0035,2.12,nominal,60,N,N20,320.44,282.81
VIIRS-NOAA20-375m,44.88609,22.50815,2026-10-02,0035,2.05,nominal,60,N,N20,320.7,282.94
VIIRS-NOAA20-375m,44.89368,22.46019,2026-10-02,0035,0.47,nominal,60,N,N20,298.72,279.4
VIIRS-NOAA20-375m,44.89042,22.45917,2026-10-02,0035,0.47,nominal,60,N,N20,304.71,280.98
VIIRS-NOAA20-375m,44.76954,22.31495,2026-10-02,0035,1.32,nominal,60,N,N20,303.27,284.47
VIIRS-NOAA20-375m,44.76628,22.31393,2026-10-02,0035,1.03,nominal,60,N,N20,313.1,284.5
VIIRS-NOAA20-375m,44.76553,22.31871,2026-10-02,0035,1.03,nominal,60,N,N20,303.38,285.05
VIIRS-NOAA20-375m,44.76477,22.3235,2026-10-02,0035,1.49,nominal,60,N,N20,307.3,285.14
VIIRS-NOAA20-375m,44.76226,22.31769,2026-10-02,0035,1.03,nominal,60,N,N20,308.68,284.83
VIIRS-NOAA20-375m,44.76151,22.32247,2026-10-02,0035,1.49,nominal,60,N,N20,317.84,285.47
VIIRS-NOAA20-375m,44.74168,22.36144,2026-10-02,0035,0.86,nominal,60,N,N20,308.17,283.12
VIIRS-NOAA20-375m,44.51192,22.79128,2026-10-02,0035,1.19,nominal,60,N,N20,297.24,283.78
VIIRS-SNPP-375m,44.52669,22.82276,2026-10-02,1142,9.31,nominal,60,D,N,349.26,295.35
VIIRS-SNPP-375m,44.53009,22.82185,2026-10-02,1142,19.6,nominal,60,D,N,346.19,288.16
VIIRS-SNPP-375m,44.52941,22.8167,2026-10-02,1142,3.92,nominal,60,D,N,325.8,285.33
VIIRS-SNPP-375m,44.68627,23.10846,2026-10-02,1142,2.96,nominal,60,D,N,333.94,295.96
VIIRS-SNPP-375m,44.76078,22.32606,2026-10-02,1142,3.33,nominal,60,D,N,335.66,288.24
VIIRS-SNPP-375m,44.86245,23.07465,2026-10-02,1142,1.89,nominal,60,D,N,329.02,292.04
VIIRS-SNPP-375m,44.76612,22.31406,2026-10-02,1142,3.6,nominal,60,D,N,327.92,288.53
VIIRS-SNPP-375m,44.88639,22.51053,2026-10-02,1142,5.98,nominal,60,D,N,341.26,295.32
VIIRS-SNPP-375m,44.8857,22.50533,2026-10-02,1142,5.98,nominal,60,D,N,328.62,291.33
VIIRS-SNPP-375m,44.90452,22.48905,2026-10-02,1142,2.44,nominal,60,D,N,326.13,288.96
VIIRS-NOAA20-375m,44.5279,22.82237,2026-10-02,1202,2.38,nominal,60,D,N20,325.37,282.86
MODIS-1km,44.50545,22.80114,2026-10-02,1323,6.03,56,56,D,A,304.07,287.05
MODIS-1km,44.73855,23.23492,2026-10-02,1323,8.02,63,63,D,A,306.03,287.73
VIIRS-SNPP-375m,45.50437,21.90546,2026-10-02,2358,0.58,nominal,60,N,N,302.21,278.78
VIIRS-SNPP-375m,44.90762,22.4875,2026-10-02,2358,6.76,nominal,60,N,N,326.61,283.18
VIIRS-SNPP-375m,44.9041,22.48763,2026-10-02,2358,1.81,nominal,60,N,N,310.02,280.43
VIIRS-SNPP-375m,44.90374,22.4936,2026-10-02,2358,1.81,nominal,60,N,N,296.46,279.81
VIIRS-NOAA20-375m,44.90728,22.49011,2026-10-03,0018,5.03,nominal,60,N,N20,339.04,285.63
VIIRS-NOAA20-375m,44.9086,22.47844,2026-10-03,0018,1.45,nominal,60,N,N20,296.39,279.77
VIIRS-NOAA20-375m,44.90792,22.48446,2026-10-03,0018,1.45,nominal,60,N,N20,316.84,281.31
VIIRS-NOAA20-375m,44.90775,22.48919,2026-10-03,0018,2.08,nominal,60,N,N20,339.7,286.06
VIIRS-NOAA20-375m,44.90842,22.48344,2026-10-03,0018,2.08,nominal,60,N,N20,307.62,280.25
VIIRS-NOAA20-375m,44.90476,22.48277,2026-10-03,0018,2.08,nominal,60,N,N20,296.97,281.02
VIIRS-NOAA20-375m,44.90411,22.48842,2026-10-03,0018,2.08,nominal,60,N,N20,307.25,281.16
VIIRS-NOAA20-375m,44.88693,22.50756,2026-10-03,0018,1.3,nominal,60,N,N20,307.8,280.73
VIIRS-NOAA20-375m,44.77236,22.30752,2026-10-03,0018,0.65,nominal,60,N,N20,297.77,282.73
VIIRS-NOAA20-375m,44.77167,22.31358,2026-10-03,0018,0.65,nominal,60,N,N20,296.77,283.12
VIIRS-NOAA20-375m,44.76018,22.31548,2026-10-03,0018,0.72,nominal,60,N,N20,303.27,283.52
VIIRS-NOAA20-375m,44.75946,22.32179,2026-10-03,0018,0.72,nominal,60,N,N20,297.47,283.58
VIIRS-SNPP-375m,44.76523,22.31285,2026-10-03,0137,1.16,nominal,60,N,N,298.24,281.52
MODIS-1km,44.30721,23.13734,2026-10-03,0712,7.41,53,53,D,T,302.56,286.6
VIIRS-NOAA20-375m,45.48884,23.00815,2026-10-03,1002,7.79,nominal,60,D,N20,332.44,290.52
VIIRS-NOAA20-375m,45.48588,23.0,2026-10-03,1002,7.88,nominal,60,D,N20,327.6,292.4
VIIRS-NOAA20-375m,45.48521,23.00223,2026-10-03,1002,12.06,nominal,60,D,N20,342.48,292.84
VIIRS-SNPP-375m,44.37215,23.13271,2026-10-03,1121,3.25,nominal,60,D,N,339.4,303.8
VIIRS-SNPP-375m,44.69181,23.07965,2026-10-03,1121,4.6,nominal,60,D,N,333.23,302.66
VIIRS-SNPP-375m,44.71669,22.91926,2026-10-03,1121,12.83,high,90,D,N,367,306.14
VIIRS-SNPP-375m,44.71756,22.92428,2026-10-03,1121,14.67,nominal,60,D,N,344.56,306.3
VIIRS-SNPP-375m,44.72089,22.92319,2026-10-03,1121,4.43,nominal,60,D,N,337.02,294.07
VIIRS-SNPP-375m,44.7573,22.32214,2026-10-03,1121,2.8,nominal,60,D,N,331.73,293.94
VIIRS-SNPP-375m,44.75974,22.31583,2026-10-03,1121,3.97,nominal,60,D,N,325.52,292.29
VIIRS-SNPP-375m,44.88161,22.46559,2026-10-03,1121,4.2,nominal,60,D,N,331.63,290.54
VIIRS-SNPP-375m,44.93352,22.68121,2026-10-03,1121,6.01,nominal,60,D,N,331.44,298.73
VIIRS-SNPP-375m,44.93597,22.67503,2026-10-03,1121,6.01,nominal,60,D,N,347.06,304.72
VIIRS-SNPP-375m,44.93928,22.6738,2026-10-03,1121,5.65,nominal,60,D,N,334.4,297.08
VIIRS-SNPP-375m,44.90701,22.48924,2026-10-03,1121,5.44,nominal,60,D,N,334.85,297.49
VIIRS-SNPP-375m,45.4954,23.0027,2026-10-03,1121,2.09,nominal,60,D,N,327.62,298.58
VIIRS-NOAA20-375m,44.37247,23.13258,2026-10-03,1142,3.71,nominal,60,D,N20,335.87,303.15
VIIRS-NOAA20-375m,44.37484,22.79916,2026-10-03,1142,2.96,nominal,60,D,N20,330.62,304.32
VIIRS-NOAA20-375m,44.41589,22.96135,2026-10-03,1142,7.0,nominal,60,D,N20,338.86,305.77
VIIRS-NOAA20-375m,44.42016,22.96628,2026-10-03,1142,5.14,nominal,60,D,N20,332.9,301.62
VIIRS-NOAA20-375m,44.71682,22.92453,2026-10-03,1142,6.1,nominal,60,D,N20,345.73,301.2
VIIRS-NOAA20-375m,44.71617,22.91877,2026-10-03,1142,10.19,nominal,60,D,N20,348.07,304.36
VIIRS-NOAA20-375m,44.72042,22.92361,2026-10-03,1142,5.96,nominal,60,D,N20,334.16,296.56
VIIRS-NOAA20-375m,44.71976,22.9179,2026-10-03,1142,4.58,nominal,60,D,N20,325.26,299.71
VIIRS-NOAA20-375m,44.75745,22.32188,2026-10-03,1142,6.42,nominal,60,D,N20,340.65,294.7
VIIRS-NOAA20-375m,44.90782,22.49261,2026-10-03,1142,2.9,nominal,60,D,N20,330.91,296.06
VIIRS-NOAA20-375m,44.93357,22.67893,2026-10-03,1142,4.59,nominal,60,D,N20,332.25,298.79
VIIRS-NOAA20-375m,44.90584,22.49077,2026-10-03,1142,6.05,nominal,60,D,N20,333.38,294.93
VIIRS-NOAA20-375m,44.9344,22.67669,2026-10-03,1142,5.44,nominal,60,D,N20,333.04,300.54
VIIRS-NOAA20-375m,44.93798,22.67585,2026-10-03,1142,5.44,nominal,60,D,N20,331.3,296.65
MODIS-1km,44.42336,22.95568,2026-10-03,1359,29.96,81,81,D,A,322.37,296.97
MODIS-1km,44.72204,22.92732,2026-10-03,1359,11.52,41,41,D,A,308.33,292.46
MODIS-1km,44.72036,22.90983,2026-10-03,1359,16.53,58,58,D,A,312.41,295.67
MODIS-1km,44.88022,22.46326,2026-10-03,1359,10.16,59,59,D,A,304.35,288.33
VIIRS-SNPP-375m,44.88542,22.45784,2026-10-03,2337,1.4,nominal,60,N,N,306.3,282.9
VIIRS-SNPP-375m,44.88532,22.46433,2026-10-03,2337,1.4,nominal,60,N,N,301.77,281.75
VIIRS-SNPP-375m,44.75737,22.31365,2026-10-03,2337,1.01,nominal,60,N,N,296.54,282.47
VIIRS-SNPP-375m,44.45538,22.67925,2026-10-03,2337,0.75,nominal,60,N,N,296.09,275.43
VIIRS-NOAA20-375m,44.90797,22.47883,2026-10-03,2358,1.17,nominal,60,N,N20,299.93,282.44
VIIRS-NOAA20-375m,44.90778,22.47817,2026-10-03,2358,1.74,nominal,60,N,N20,297.31,282.2
VIIRS-NOAA20-375m,44.90648,22.49536,2026-10-03,2358,1.74,nominal,60,N,N20,296.34,283.07
VIIRS-NOAA20-375m,44.89102,22.45549,2026-10-03,2358,1.17,nominal,60,N,N20,299.96,282.13
VIIRS-NOAA20-375m,44.88647,22.4546,2026-10-03,2358,1.17,nominal,60,N,N20,304.34,282.91
VIIRS-NOAA20-375m,44.88599,22.46103,2026-10-03,2358,3.57,nominal,60,N,N20,318.13,284.88
VIIRS-NOAA20-375m,44.78494,22.33,2026-10-03,2358,1.59,nominal,60,N,N20,300.08,283.4
VIIRS-NOAA20-375m,44.75816,22.31517,2026-10-03,2358,0.99,nominal,60,N,N20,302.76,283.98
VIIRS-NOAA20-375m,44.75764,22.32248,2026-10-03,2358,0.92,nominal,60,N,N20,296.46,283.98
VIIRS-NOAA20-375m,44.40337,22.7423,2026-10-03,2358,1.2,nominal,60,N,N20,296.99,275.45
VIIRS-NOAA20-375m,44.33448,22.89932,2026-10-03,2358,5.7,nominal,60,N,N20,336.62,279.33
VIIRS-NOAA20-375m,44.33004,22.89862,2026-10-03,2358,5.7,nominal,60,N,N20,317.39,276.72
VIIRS-SNPP-375m,44.90898,22.48709,2026-10-04,0120,1.96,nominal,60,N,N,299.19,283.18
VIIRS-SNPP-375m,44.88345,22.4562,2026-10-04,0120,2.06,nominal,60,N,N,301.79,282.48
VIIRS-SNPP-375m,44.75604,22.32266,2026-10-04,0120,2.31,nominal,60,N,N,322.4,284.62
VIIRS-SNPP-375m,44.75876,22.31165,2026-10-04,0120,1.64,nominal,60,N,N,305.14,282.24
VIIRS-SNPP-375m,44.75737,22.31728,2026-10-04,0120,2.31,nominal,60,N,N,301.85,283.38
VIIRS-SNPP-375m,44.75477,22.32783,2026-10-04,0120,1.99,nominal,60,N,N,313.21,284.13
VIIRS-SNPP-375m,44.40059,22.74334,2026-10-04,0120,0.95,nominal,60,N,N,297.42,275.21
VIIRS-SNPP-375m,44.33311,22.89658,2026-10-04,0120,1.38,nominal,60,N,N,302.34,275.12
VIIRS-NOAA20-375m,44.90573,22.47061,2026-10-04,0139,0.42,nominal,60,N,N20,295.04,280.97
VIIRS-NOAA20-375m,44.76217,22.30874,2026-10-04,0139,0.84,nominal,60,N,N20,296.36,280.27
VIIRS-NOAA20-375m,44.76049,22.31408,2026-10-04,0139,1.46,nominal,60,N,N20,299.11,282.79
VIIRS-NOAA20-375m,44.75884,22.31937,2026-10-04,0139,1.46,nominal,60,N,N20,305.91,282.52
VIIRS-NOAA20-375m,44.75727,22.32438,2026-10-04,0139,2.71,nominal,60,N,N20,316.42,284.55
VIIRS-NOAA20-375m,44.40105,22.73857,2026-10-04,0139,0.96,nominal,60,N,N20,297.88,275.6
MODIS-1km,44.7598,22.32957,2026-10-04,0750,6.29,53,53,D,T,302.66,289.22
MODIS-1km,44.49113,22.81703,2026-10-04,0750,11.23,71,71,D,T,311.22,294.53
MODIS-1km,44.48877,22.83095,2026-10-04,0750,9.07,68,68,D,T,308.82,293.44
VIIRS-SNPP-375m,44.40432,22.76413,2026-10-04,1104,2.09,nominal,60,D,N,333.66,304.42
VIIRS-SNPP-375m,44.47884,22.96797,2026-10-04,1104,8.09,nominal,60,D,N,353.09,307.74
VIIRS-SNPP-375m,44.47731,22.961,2026-10-04,1104,8.09,nominal,60,D,N,328.99,301.76
VIIRS-SNPP-375m,44.48568,22.98005,2026-10-04,1104,12.99,nominal,60,D,N,344.72,306.27
VIIRS-SNPP-375m,44.48268,22.96633,2026-10-04,1104,8.09,nominal,60,D,N,333.89,302.34
VIIRS-SNPP-375m,44.49099,22.98516,2026-10-04,1104,23.33,nominal,60,D,N,337.3,301.54
VIIRS-SNPP-375m,44.4895,22.97835,2026-10-04,1104,16.57,low,30,D,N,331.05,301.87
VIIRS-SNPP-375m,44.48802,22.97153,2026-10-04,1104,16.57,nominal,60,D,N,342.77,302.83
VIIRS-SNPP-375m,44.49481,22.98342,2026-10-04,1104,23.33,nominal,60,D,N,347.94,305.53
VIIRS-SNPP-375m,44.49332,22.97658,2026-10-04,1104,16.57,nominal,60,D,N,353.71,309.09
VIIRS-SNPP-375m,44.54385,22.71639,2026-10-04,1104,1.25,nominal,60,D,N,328.06,302.94
VIIRS-SNPP-375m,44.65799,23.14457,2026-10-04,1104,12.1,nominal,60,D,N,331.94,300.84
VIIRS-SNPP-375m,44.65656,23.13794,2026-10-04,1104,8.25,nominal,60,D,N,339.02,298.82
VIIRS-SNPP-375m,44.6936,23.08359,2026-10-04,1104,4.17,nominal,60,D,N,338.23,303.05
VIIRS-SNPP-375m,44.69305,22.88959,2026-10-04,1104,10.9,nominal,60,D,N,326.23,298.67
VIIRS-SNPP-375m,44.6969,22.88798,2026-10-04,1104,10.9,nominal,60,D,N,336.78,303.94
VIIRS-SNPP-375m,44.69538,22.88098,2026-10-04,1104,10.9,nominal,60,D,N,327.53,299.1
VIIRS-SNPP-375m,44.72665,22.92845,2026-10-04,1104,3.76,nominal,60,D,N,333.32,297.57
VIIRS-SNPP-375m,44.75851,22.33096,2026-10-04,1104,2.88,nominal,60,D,N,329.51,293.47
VIIRS-SNPP-375m,44.75737,22.32589,2026-10-04,1104,2.88,nominal,60,D,N,328.72,294.46
VIIRS-SNPP-375m,44.7561,22.32026,2026-10-04,1104,4.92,nominal,60,D,N,329.62,294.92
VIIRS-SNPP-375m,44.76354,22.33418,2026-10-04,1104,4.09,nominal,60,D,N,326.7,294.67
VIIRS-SNPP-375m,44.78547,22.33603,2026-10-04,1104,1.98,nominal,60,D,N,325.06,292.1
VIIRS-SNPP-375m,44.99162,23.22107,2026-10-04,1104,5.38,nominal,60,D,N,333.04,303.86
VIIRS-SNPP-375m,44.94463,22.88678,2026-10-04,1104,3.93,nominal,60,D,N,334.03,301.5
VIIRS-SNPP-375m,45.03354,23.22529,2026-10-04,1104,3.75,nominal,60,D,N,332.68,302.26
VIIRS-SNPP-375m,44.94746,22.88486,2026-10-04,1104,9.27,nominal,60,D,N,334.25,298.71
VIIRS-SNPP-375m,45.03415,23.22397,2026-10-04,1104,6.61,nominal,60,D,N,333.18,301.78
VIIRS-SNPP-375m,44.88802,22.46582,2026-10-04,1104,4.49,nominal,60,D,N,338.86,293.34
VIIRS-SNPP-375m,44.90299,22.49469,2026-10-04,1104,3.28,nominal,60,D,N,328.57,295.23
VIIRS-SNPP-375m,44.90695,22.49339,2026-10-04,1104,5.16,nominal,60,D,N,327.29,295.8
VIIRS-NOAA20-375m,44.48324,23.28921,2026-10-04,1123,1.17,low,30,D,N20,329.43,301.78
VIIRS-NOAA20-375m,44.48724,23.293,2026-10-04,1123,2.54,low,30,D,N20,330.92,303.61
VIIRS-NOAA20-375m,44.40472,22.76424,2026-10-04,1123,3.99,nominal,60,D,N20,344.1,306.06
VIIRS-NOAA20-375m,44.47817,22.96906,2026-10-04,1123,4.08,nominal,60,D,N20,350.58,305.77
VIIRS-NOAA20-375m,44.47742,22.96429,2026-10-04,1123,4.08,nominal,60,D,N20,346.83,306.87
VIIRS-NOAA20-375m,44.48364,22.98225,2026-10-04,1123,3.08,nominal,60,D,N20,340.79,305.8
VIIRS-NOAA20-375m,44.48292,22.97758,2026-10-04,1123,5.3,nominal,60,D,N20,342.32,307.92
VIIRS-NOAA20-375m,44.48143,22.96806,2026-10-04,1123,4.08,nominal,60,D,N20,333.7,302.71
VIIRS-NOAA20-375m,44.48068,22.9633,2026-10-04,1123,4.08,nominal,60,D,N20,338.14,304.04
VIIRS-NOAA20-375m,44.48691,22.98126,2026-10-04,1123,6.36,nominal,60,D,N20,348.03,305.3
VIIRS-NOAA20-375m,44.48469,22.96706,2026-10-04,1123,7.52,nominal,60,D,N20,345.27,307.05
VIIRS-NOAA20-375m,44.49092,22.98503,2026-10-04,1123,6.36,nominal,60,D,N20,346.29,303.64
VIIRS-NOAA20-375m,44.49017,22.98026,2026-10-04,1123,6.36,nominal,60,D,N20,335.39,304.96
VIIRS-NOAA20-375m,44.48944,22.97559,2026-10-04,1123,8.52,nominal,60,D,N20,336.29,306.46
VIIRS-NOAA20-375m,44.4887,22.97083,2026-10-04,1123,8.52,nominal,60,D,N20,347.16,307.26
VIIRS-NOAA20-375m,44.49418,22.98403,2026-10-04,1123,9.02,nominal,60,D,N20,353.91,305.54
VIIRS-NOAA20-375m,44.49343,22.97926,2026-10-04,1123,9.02,nominal,60,D,N20,355.83,308.89
VIIRS-NOAA20-375m,44.4927,22.97459,2026-10-04,1123,5.22,nominal,60,D,N20,336.62,301.41
VIIRS-NOAA20-375m,44.4967,22.97827,2026-10-04,1123,9.02,high,90,D,N20,367,303.19
VIIRS-NOAA20-375m,44.49744,22.98303,2026-10-04,1123,9.02,nominal,60,D,N20,331.69,299.95
VIIRS-NOAA20-375m,44.54635,23.18791,2026-10-04,1123,4.88,nominal,60,D,N20,345.88,301.32
VIIRS-NOAA20-375m,44.65612,23.14674,2026-10-04,1123,36.06,nominal,60,D,N20,338.19,305.21
VIIRS-NOAA20-375m,44.65465,23.13718,2026-10-04,1123,4.29,nominal,60,D,N20,346.58,300.7
VIIRS-NOAA20-375m,44.69407,23.08179,2026-10-04,1123,51.55,low,30,D,N20,333.2,306.79
VIIRS-NOAA20-375m,44.69441,22.8864,2026-10-04,1123,17.02,nominal,60,D,N20,344.51,309.09
VIIRS-NOAA20-375m,44.69767,22.88539,2026-10-04,1123,31.44,nominal,60,D,N20,350.26,312.49
VIIRS-NOAA20-375m,44.72873,22.931,2026-10-04,1123,3.15,nominal,60,D,N20,333.25,296.28
VIIRS-NOAA20-375m,44.81018,23.10369,2026-10-04,1123,1.36,nominal,60,D,N20,327.39,301.82
VIIRS-NOAA20-375m,44.75343,22.33211,2026-10-04,1123,4.4,nominal,60,D,N20,331.7,294.51
VIIRS-NOAA20-375m,44.75265,22.32726,2026-10-04,1123,3.81,nominal,60,D,N20,327.42,296.24
VIIRS-NOAA20-375m,44.7567,22.33109,2026-10-04,1123,4.4,nominal,60,D,N20,344.84,296.6
VIIRS-NOAA20-375m,44.75592,22.32626,2026-10-04,1123,3.81,nominal,60,D,N20,342.59,298.33
VIIRS-NOAA20-375m,44.75513,22.32137,2026-10-04,1123,3.81,nominal,60,D,N20,345.46,298.55
VIIRS-NOAA20-375m,44.75436,22.31651,2026-10-04,1123,4.16,nominal,60,D,N20,343.42,299.06
VIIRS-NOAA20-375m,44.75919,22.32524,2026-10-04,1123,2.79,nominal,60,D,N20,329.76,295.72
VIIRS-NOAA20-375m,44.75763,22.31552,2026-10-04,1123,6.47,nominal,60,D,N20,331.03,297.09
VIIRS-NOAA20-375m,44.76478,22.33862,2026-10-04,1123,2.95,nominal,60,D,N20,333.48,295.49
VIIRS-NOAA20-375m,44.764,22.33384,2026-10-04,1123,9.62,nominal,60,D,N20,347.87,297.97
VIIRS-NOAA20-375m,44.78513,22.33727,2026-10-04,1123,5.1,nominal,60,D,N20,330.96,292.73
VIIRS-NOAA20-375m,44.94454,22.88924,2026-10-04,1123,4.95,nominal,60,D,N20,334.89,301.36
VIIRS-NOAA20-375m,44.94379,22.88445,2026-10-04,1123,1.6,nominal,60,D,N20,330.28,300.64
VIIRS-NOAA20-375m,44.94705,22.88344,2026-10-04,1123,1.6,low,30,D,N20,326.44,298.24
VIIRS-NOAA20-375m,44.88448,22.46519,2026-10-04,1123,4.93,nominal,60,D,N20,326.65,294.88
VIIRS-NOAA20-375m,44.88775,22.4642,2026-10-04,1123,4.93,nominal,60,D,N20,351,298.23
VIIRS-NOAA20-375m,44.88698,22.45941,2026-10-04,1123,5.79,nominal,60,D,N20,328.18,294.19
VIIRS-NOAA20-375m,44.89101,22.46317,2026-10-04,1123,1.57,nominal,60,D,N20,325.54,293.06
VIIRS-NOAA20-375m,44.90287,22.49463,2026-10-04,1123,5.67,nominal,60,D,N20,344.61,297.3
VIIRS-NOAA20-375m,44.9094,22.49262,2026-10-04,1123,5.96,nominal,60,D,N20,338.99,295.03
VIIRS-NOAA20-375m,44.90787,22.48309,2026-10-04,1123,3.39,nominal,60,D,N20,329.49,294.13
VIIRS-NOAA20-375m,44.90634,22.47349,2026-10-04,1123,3.26,nominal,60,D,N20,331.35,292.19
VIIRS-NOAA20-375m,45.03375,23.2243,2026-10-04,1123,2.67,nominal,60,D,N20,332.12,302.1
VIIRS-NOAA20-375m,45.12261,22.45519,2026-10-04,1123,2.88,nominal,60,D,N20,331.18,301.08
VIIRS-SNPP-375m,44.48376,22.98046,2026-10-04,1244,6.8,nominal,60,D,N,339.18,299.55
VIIRS-SNPP-375m,44.75525,22.32224,2026-10-04,1244,9.73,nominal,60,D,N,336.98,296.69
VIIRS-SNPP-375m,44.75526,22.31517,2026-10-04,1244,6.37,nominal,60,D,N,327.46,296.53
VIIRS-SNPP-375m,44.99852,23.22458,2026-10-04,1244,17.49,high,90,D,N,367,300.93
MODIS-1km,44.72409,22.92687,2026-10-04,1259,15.86,62,62,D,A,305.54,295.16
MODIS-1km,45.00092,23.22924,2026-10-04,1259,29.83,74,74,D,A,314.23,299.19
MODIS-1km,45.59891,22.01114,2026-10-04,1259,20.37,67,67,D,A,310.14,299.26
MODIS-1km,44.33476,22.87212,2026-10-04,1856,12.86,25,25,N,T,300.34,277.99
MODIS-1km,44.55261,22.80136,2026-10-04,1856,19.21,75,75,N,T,308.62,283.99
MODIS-1km,44.75033,22.32886,2026-10-04,1858,9.27,24,24,N,T,302.55,287.57
MODIS-1km,44.7604,22.32634,2026-10-04,1858,12.2,65,65,N,T,305.67,288.02
MODIS-1km,44.75887,22.31041,2026-10-04,1858,9.34,40,40,N,T,302.66,286.81
MODIS-1km,44.90915,22.49486,2026-10-04,1858,10.63,42,42,N,T,302.18,285.91
VIIRS-NOAA20-375m,44.90978,22.47455,2026-10-04,2339,1.09,nominal,60,N,N20,298.75,284.28
VIIRS-NOAA20-375m,44.90959,22.48039,2026-10-04,2339,1.09,nominal,60,N,N20,298.78,286.19
VIIRS-NOAA20-375m,44.90941,22.4859,2026-10-04,2339,1.84,nominal,60,N,N20,305.6,285.95
VIIRS-NOAA20-375m,44.90926,22.49057,2026-10-04,2339,1.84,nominal,60,N,N20,312.24,286.48
VIIRS-NOAA20-375m,44.90912,22.49464,2026-10-04,2339,1.66,nominal,60,N,N20,296.99,285.22
VIIRS-NOAA20-375m,44.90335,22.49393,2026-10-04,2339,2.33,nominal,60,N,N20,335.36,289.54
VIIRS-NOAA20-375m,44.90436,22.46272,2026-10-04,2339,0.67,nominal,60,N,N20,299.21,285.85
VIIRS-NOAA20-375m,44.90361,22.48594,2026-10-04,2339,1.74,nominal,60,N,N20,300.81,285.33
VIIRS-NOAA20-375m,44.90348,22.49014,2026-10-04,2339,1.74,nominal,60,N,N20,310.83,289.2
VIIRS-NOAA20-375m,44.90323,22.49769,2026-10-04,2339,2.33,nominal,60,N,N20,296.12,285.87
VIIRS-NOAA20-375m,44.89786,22.48459,2026-10-04,2339,1.74,nominal,60,N,N20,299.86,283.52
VIIRS-NOAA20-375m,44.8977,22.48955,2026-10-04,2339,1.74,nominal,60,N,N20,311.96,285.78
VIIRS-NOAA20-375m,44.89757,22.49374,2026-10-04,2339,2.33,nominal,60,N,N20,304.21,285.72
VIIRS-NOAA20-375m,44.8932,22.44872,2026-10-04,2339,1.29,nominal,60,N,N20,295.84,284.52
VIIRS-NOAA20-375m,44.89297,22.45583,2026-10-04,2339,1.29,nominal,60,N,N20,301.91,284.98
VIIRS-NOAA20-375m,44.8928,22.46161,2026-10-04,2339,2.96,nominal,60,N,N20,313.39,286.88
VIIRS-NOAA20-375m,44.78663,22.33282,2026-10-04,2339,1.35,nominal,60,N,N20,295.83,285.76
VIIRS-NOAA20-375m,44.7865,22.33697,2026-10-04,2339,1.76,nominal,60,N,N20,309.9,285.46
VIIRS-NOAA20-375m,44.76358,22.32326,2026-10-04,2339,1.62,nominal,60,N,N20,301.2,285.02
VIIRS-NOAA20-375m,44.76342,22.32897,2026-10-04,2339,1.62,nominal,60,N,N20,315.42,287.89
VIIRS-NOAA20-375m,44.76326,22.33403,2026-10-04,2339,1.86,nominal,60,N,N20,305.79,285.85
VIIRS-NOAA20-375m,44.75763,22.32746,2026-10-04,2339,1.49,nominal,60,N,N20,300.73,286.15
VIIRS-NOAA20-375m,44.75135,22.34261,2026-10-04,2339,1.1,nominal,60,N,N20,297.78,283.86
VIIRS-NOAA20-375m,44.56205,22.8029,2026-10-04,2339,2.21,nominal,60,N,N20,321.8,284.44
VIIRS-NOAA20-375m,44.55658,22.79652,2026-10-04,2339,2.29,nominal,60,N,N20,318.14,281.68
VIIRS-NOAA20-375m,44.55636,22.80266,2026-10-04,2339,1.96,nominal,60,N,N20,310.18,281.35
VIIRS-NOAA20-375m,44.3389,22.87164,2026-10-04,2339,1.59,nominal,60,N,N20,312.59,275.83
VIIRS-NOAA20-375m,44.33871,22.87692,2026-10-04,2339,1.38,nominal,60,N,N20,301.12,276.88
VIIRS-SNPP-375m,44.81755,23.09505,2026-10-05,0100,1.51,nominal,60,N,N,308.13,280.89
VIIRS-SNPP-375m,44.91135,22.49814,2026-10-05,0100,2.32,nominal,60,N,N,322.18,287.75
VIIRS-SNPP-375m,44.91261,22.49183,2026-10-05,0100,1.34,nominal,60,N,N,301.07,283.08
VIIRS-SNPP-375m,44.91142,22.47879,2026-10-05,0100,2.24,nominal,60,N,N,328.57,288.72
VIIRS-SNPP-375m,44.90911,22.49035,2026-10-05,0100,2.56,nominal,60,N,N,325.37,289.54
VIIRS-SNPP-375m,44.91029,22.48444,2026-10-05,0100,2.56,nominal,60,N,N,318.87,288.39
VIIRS-SNPP-375m,44.90783,22.49679,2026-10-05,0100,0.93,nominal,60,N,N,300.52,285.48
VIIRS-SNPP-375m,44.90794,22.47723,2026-10-05,0100,2.24,nominal,60,N,N,299.75,284.6
VIIRS-SNPP-375m,44.90682,22.48286,2026-10-05,0100,2.56,nominal,60,N,N,300.53,286.2
VIIRS-SNPP-375m,44.90432,22.49534,2026-10-05,0100,0.93,nominal,60,N,N,297.04,286.2
VIIRS-SNPP-375m,44.90085,22.49373,2026-10-05,0100,2.47,nominal,60,N,N,330.93,290.23
VIIRS-SNPP-375m,44.90665,22.46471,2026-10-05,0100,1.14,nominal,60,N,N,302.12,286.28
VIIRS-SNPP-375m,44.90557,22.47016,2026-10-05,0100,1.15,nominal,60,N,N,314.32,287.97
VIIRS-SNPP-375m,44.90446,22.47571,2026-10-05,0100,1.15,nominal,60,N,N,297.45,285
VIIRS-SNPP-375m,44.90318,22.46315,2026-10-05,0100,1.14,nominal,60,N,N,299.57,284.31
VIIRS-SNPP-375m,44.90204,22.46884,2026-10-05,0100,1.15,nominal,60,N,N,308.83,287.29
VIIRS-SNPP-375m,44.89975,22.48025,2026-10-05,0100,2.53,nominal,60,N,N,309.17,285.05
VIIRS-SNPP-375m,44.89737,22.49215,2026-10-05,0100,2.47,nominal,60,N,N,305.32,286.58
VIIRS-SNPP-375m,44.89724,22.45498,2026-10-05,0100,0.74,nominal,60,N,N,299,284.08
VIIRS-SNPP-375m,44.89612,22.46055,2026-10-05,0100,0.74,nominal,60,N,N,306.32,285.66
VIIRS-SNPP-375m,44.89146,22.46487,2026-10-05,0100,1.4,nominal,60,N,N,320.57,288.49
VIIRS-SNPP-375m,44.89373,22.45356,2026-10-05,0100,0.99,nominal,60,N,N,309.48,285.52
VIIRS-SNPP-375m,44.89262,22.45908,2026-10-05,0100,0.99,nominal,60,N,N,301.15,286.28
VIIRS-SNPP-375m,44.89022,22.45214,2026-10-05,0100,0.99,nominal,60,N,N,307.3,284.27
VIIRS-SNPP-375m,44.88913,22.45757,2026-10-05,0100,0.99,nominal,60,N,N,296.29,284.58
VIIRS-SNPP-375m,44.88797,22.46338,2026-10-05,0100,1.4,nominal,60,N,N,299.78,286.32
VIIRS-SNPP-375m,44.88676,22.4694,2026-10-05,0100,1.4,nominal,60,N,N,302.98,285.69
VIIRS-SNPP-375m,44.78842,22.33295,2026-10-05,0100,0.99,nominal,60,N,N,296.23,285.76
VIIRS-SNPP-375m,44.78609,22.32571,2026-10-05,0100,0.92,nominal,60,N,N,305.49,286.51
VIIRS-SNPP-375m,44.78496,22.33133,2026-10-05,0100,1.22,nominal,60,N,N,308.31,287.66
VIIRS-SNPP-375m,44.78371,22.33756,2026-10-05,0100,1.22,nominal,60,N,N,300.04,285.33
VIIRS-SNPP-375m,44.78263,22.32414,2026-10-05,0100,0.92,nominal,60,N,N,302.05,285.83
VIIRS-SNPP-375m,44.77802,22.32827,2026-10-05,0100,0.63,nominal,60,N,N,297.52,285.48
VIIRS-SNPP-375m,44.78039,22.32817,2026-10-05,0100,0.99,nominal,60,N,N,299.69,286.24
VIIRS-SNPP-375m,44.77316,22.30732,2026-10-05,0100,1.53,nominal,60,N,N,313.14,288.54
VIIRS-SNPP-375m,44.76507,22.3293,2026-10-05,0100,2.37,nominal,60,N,N,311.1,287.91
VIIRS-SNPP-375m,44.76153,22.32809,2026-10-05,0100,2.37,nominal,60,N,N,324.93,288.18
VIIRS-SNPP-375m,44.76038,22.33393,2026-10-05,0100,2.37,nominal,60,N,N,324.1,288.16
VIIRS-SNPP-375m,44.75923,22.33972,2026-10-05,0100,0.92,nominal,60,N,N,296.12,284.4
VIIRS-SNPP-375m,44.76233,22.30494,2026-10-05,0100,0.7,nominal,60,N,N,296.11,281.72
VIIRS-SNPP-375m,44.76123,22.31047,2026-10-05,0100,0.7,nominal,60,N,N,301.01,283.33
VIIRS-SNPP-375m,44.75798,22.3269,2026-10-05,0100,1.04,nominal,60,N,N,296.33,286.09
VIIRS-SNPP-375m,44.75686,22.33257,2026-10-05,0100,1.04,nominal,60,N,N,311.56,286.4
VIIRS-SNPP-375m,44.74988,22.34878,2026-10-05,0100,4.69,nominal,60,N,N,334.97,286.54
VIIRS-SNPP-375m,44.75769,22.30929,2026-10-05,0100,0.7,nominal,60,N,N,311.43,284.31
VIIRS-SNPP-375m,44.75657,22.31496,2026-10-05,0100,0.99,nominal,60,N,N,295.45,284.95
VIIRS-SNPP-375m,44.75443,22.32579,2026-10-05,0100,1.04,nominal,60,N,N,312.67,287.54
VIIRS-SNPP-375m,44.75334,22.33129,2026-10-05,0100,1.04,nominal,60,N,N,304.08,286.55
VIIRS-SNPP-375m,44.75301,22.31384,2026-10-05,0100,0.98,nominal,60,N,N,313.56,283.61
VIIRS-SNPP-375m,44.75191,22.31944,2026-10-05,0100,0.98,nominal,60,N,N,305.61,283.63
VIIRS-SNPP-375m,44.75084,22.32481,2026-10-05,0100,1.23,nominal,60,N,N,315.54,285.35
VIIRS-SNPP-375m,44.74977,22.33023,2026-10-05,0100,1.23,nominal,60,N,N,298.58,285.43
VIIRS-SNPP-375m,44.56013,22.80314,2026-10-05,0100,4.33,nominal,60,N,N,329.03,285.47
VIIRS-SNPP-375m,44.55898,22.80883,2026-10-05,0100,4.33,nominal,60,N,N,340,287.41
VIIRS-SNPP-375m,44.55655,22.80171,2026-10-05,0100,4.33,nominal,60,N,N,314.43,282.32
VIIRS-SNPP-375m,44.55539,22.80744,2026-10-05,0100,4.33,nominal,60,N,N,312.13,281.59
VIIRS-SNPP-375m,44.55297,22.80031,2026-10-05,0100,1.53,nominal,60,N,N,312.17,282.84
VIIRS-SNPP-375m,44.33751,22.87397,2026-10-05,0100,1.75,nominal,60,N,N,306.4,275.99
VIIRS-SNPP-375m,44.33628,22.87991,2026-10-05,0100,1.75,nominal,60,N,N,317.98,277.16
VIIRS-SNPP-375m,44.33855,22.88049,2026-10-05,0100,1.23,nominal,60,N,N,311.9,276.72
VIIRS-SNPP-375m,44.33616,22.87311,2026-10-05,0100,1.54,nominal,60,N,N,307.67,276.57
VIIRS-SNPP-375m,44.33495,22.87906,2026-10-05,0100,1.23,nominal,60,N,N,299.18,276.76
VIIRS-NOAA20-375m,44.91428,22.4854,2026-10-05,0120,2.12,nominal,60,N,N20,295.29,282.86
VIIRS-NOAA20-375m,44.91227,22.49302,2026-10-05,0120,4.93,nominal,60,N,N20,319.2,286.3
VIIRS-NOAA20-375m,44.91162,22.47589,2026-10-05,0120,2.12,nominal,60,N,N20,303.52,284.11
VIIRS-NOAA20-375m,44.90984,22.48261,2026-10-05,0120,2.12,nominal,60,N,N20,317.37,287.94
VIIRS-NOAA20-375m,44.90882,22.46689,2026-10-05,0120,0.99,nominal,60,N,N20,296.01,283.83
VIIRS-NOAA20-375m,44.90719,22.47308,2026-10-05,0120,1.22,nominal,60,N,N20,298.42,284.7
VIIRS-NOAA20-375m,44.90443,22.46397,2026-10-05,0120,0.99,nominal,60,N,N20,303.75,284.61
VIIRS-NOAA20-375m,44.90076,22.47779,2026-10-05,0120,1.22,nominal,60,N,N20,298.04,283.93
VIIRS-NOAA20-375m,44.89698,22.45304,2026-10-05,0120,1.3,nominal,60,N,N20,298.49,283.81
VIIRS-NOAA20-375m,44.89525,22.45955,2026-10-05,0120,1.3,nominal,60,N,N20,304.09,286.04
VIIRS-NOAA20-375m,44.89241,22.45074,2026-10-05,0120,1.23,nominal,60,N,N20,301.26,284.52
VIIRS-NOAA20-375m,44.8908,22.45681,2026-10-05,0120,1.23,nominal,60,N,N20,296.2,284.76
VIIRS-NOAA20-375m,44.78688,22.32133,2026-10-05,0120,0.85,nominal,60,N,N20,295.31,284.55
VIIRS-NOAA20-375m,44.78526,22.32742,2026-10-05,0120,2.35,nominal,60,N,N20,299.99,285.99
VIIRS-NOAA20-375m,44.78652,22.32153,2026-10-05,0120,0.98,nominal,60,N,N20,296.54,284.72
VIIRS-NOAA20-375m,44.78492,22.32766,2026-10-05,0120,0.98,nominal,60,N,N20,299.26,285.81
VIIRS-NOAA20-375m,44.77505,22.30628,2026-10-05,0120,1.51,nominal,60,N,N20,298.42,286.66
VIIRS-NOAA20-375m,44.7645,22.32703,2026-10-05,0120,1.24,nominal,60,N,N20,303.73,286.29
VIIRS-NOAA20-375m,44.76247,22.33483,2026-10-05,0120,1.24,nominal,60,N,N20,298.51,285.61
VIIRS-NOAA20-375m,44.7579,22.33257,2026-10-05,0120,1.68,nominal,60,N,N20,296.3,285.03
VIIRS-NOAA20-375m,44.75402,22.34743,2026-10-05,0120,1.84,nominal,60,N,N20,318.03,285.5
VIIRS-NOAA20-375m,44.7602,22.30406,2026-10-05,0120,0.83,nominal,60,N,N20,297.68,282.58
VIIRS-NOAA20-375m,44.75835,22.31114,2026-10-05,0120,1.61,nominal,60,N,N20,297.28,283.98
VIIRS-NOAA20-375m,44.75494,22.32418,2026-10-05,0120,1.68,nominal,60,N,N20,315.72,285.89
VIIRS-NOAA20-375m,44.75327,22.33058,2026-10-05,0120,1.68,nominal,60,N,N20,299.43,285.98
VIIRS-NOAA20-375m,44.74929,22.34578,2026-10-05,0120,1.84,nominal,60,N,N20,300.56,282.87
VIIRS-NOAA20-375m,44.75178,22.31657,2026-10-05,0120,0.72,nominal,60,N,N20,296.3,281.73
VIIRS-NOAA20-375m,44.55959,22.80237,2026-10-05,0120,3.52,nominal,60,N,N20,329.69,284.06
VIIRS-NOAA20-375m,44.55774,22.80921,2026-10-05,0120,3.7,nominal,60,N,N20,312.44,281.64
VIIRS-NOAA20-375m,44.55491,22.80002,2026-10-05,0120,3.52,nominal,60,N,N20,306.35,281.92
VIIRS-NOAA20-375m,44.56205,22.80363,2026-10-05,0120,2.29,nominal,60,N,N20,320.72,284.36
VIIRS-NOAA20-375m,44.56026,22.81039,2026-10-05,0120,2.29,nominal,60,N,N20,297,282.15
VIIRS-NOAA20-375m,44.55738,22.80123,2026-10-05,0120,2.29,nominal,60,N,N20,315.51,282.44
VIIRS-NOAA20-375m,44.55555,22.80814,2026-10-05,0120,2.29,nominal,60,N,N20,306.68,280.82
VIIRS-NOAA20-375m,44.55269,22.79892,2026-10-05,0120,1.11,nominal,60,N,N20,299.4,282.41
VIIRS-NOAA20-375m,44.33801,22.87689,2026-10-05,0120,2.72,nominal,60,N,N20,316.34,275.71
MODIS-1km,44.89794,22.49943,2026-10-05,0232,11.3,8,8,N,A,306.44,284.66
MODIS-1km,44.76292,22.33375,2026-10-05,0232,12.51,68,68,N,A,306.37,286.27
VIIRS-SNPP-375m,44.34068,22.87749,2026-10-05,1045,5.52,low,30,D,N,333.06,303.52
VIIRS-SNPP-375m,44.33284,22.7264,2026-10-05,1045,4.75,high,90,D,N,367,306.18
VIIRS-SNPP-375m,44.33182,22.72256,2026-10-05,1045,4.75,nominal,60,D,N,331.99,302.17
VIIRS-SNPP-375m,44.33228,22.72847,2026-10-05,1045,3.45,nominal,60,D,N,341.97,300.88
VIIRS-SNPP-375m,44.33123,22.72464,2026-10-05,1045,3.45,nominal,60,D,N,353.46,304.34
VIIRS-SNPP-375m,44.336,22.72214,2026-10-05,1045,2.35,nominal,60,D,N,341.32,301.06
VIIRS-SNPP-375m,44.34388,22.73109,2026-10-05,1045,1.38,nominal,60,D,N,335.32,304.47
VIIRS-SNPP-375m,44.52721,22.82733,2026-10-05,1045,8.74,nominal,60,D,N,345.87,298.41
VIIRS-SNPP-375m,44.55825,22.80251,2026-10-05,1045,4.9,nominal,60,D,N,339.71,295.64
VIIRS-SNPP-375m,44.66079,23.00364,2026-10-05,1045,13.13,nominal,60,D,N,341.46,292.13
VIIRS-SNPP-375m,44.78704,22.33063,2026-10-05,1045,3.03,nominal,60,D,N,326.24,283.67
VIIRS-SNPP-375m,44.89633,22.49129,2026-10-05,1045,12.68,nominal,60,D,N,346.09,287.55
VIIRS-NOAA20-375m,44.33819,22.88363,2026-10-05,1104,7.19,nominal,60,D,N20,344.73,308.7
VIIRS-NOAA20-375m,44.34179,22.88223,2026-10-05,1104,3.07,nominal,60,D,N20,335.45,306.94
VIIRS-NOAA20-375m,44.34059,22.87628,2026-10-05,1104,3.07,nominal,60,D,N20,333.77,306.23
VIIRS-NOAA20-375m,44.33073,22.7307,2026-10-05,1104,6.72,nominal,60,D,N20,335.43,304.34
VIIRS-NOAA20-375m,44.33313,22.72322,2026-10-05,1104,7.64,nominal,60,D,N20,342.47,303.98
VIIRS-NOAA20-375m,44.36203,22.68419,2026-10-05,1104,16.13,nominal,60,D,N20,333.44,306.06
VIIRS-NOAA20-375m,44.36079,22.67815,2026-10-05,1104,16.13,nominal,60,D,N20,332.57,304.82
VIIRS-NOAA20-375m,44.52692,22.83214,2026-10-05,1104,4.28,nominal,60,D,N20,328.14,294.71
VIIRS-NOAA20-375m,44.52573,22.82626,2026-10-05,1104,4.28,nominal,60,D,N20,349.54,300.16
VIIRS-NOAA20-375m,44.52934,22.8249,2026-10-05,1104,6.62,nominal,60,D,N20,341.43,296.7
VIIRS-NOAA20-375m,44.6127,23.18412,2026-10-05,1104,3.26,nominal,60,D,N20,334.35,299.56
VIIRS-NOAA20-375m,44.61625,23.18275,2026-10-05,1104,3.69,nominal,60,D,N20,333.73,298.55
VIIRS-NOAA20-375m,44.47332,22.47274,2026-10-05,1104,3.24,nominal,60,D,N20,332.3,298.88
VIIRS-NOAA20-375m,44.55922,22.79999,2026-10-05,1104,5.47,nominal,60,D,N20,335.15,291.13
VIIRS-NOAA20-375m,44.65698,23.00279,2026-10-05,1104,3.37,nominal,60,D,N20,328.88,298.08
VIIRS-NOAA20-375m,44.66054,23.0014,2026-10-05,1104,5.47,nominal,60,D,N20,334.51,297.21
VIIRS-NOAA20-375m,44.73139,22.97202,2026-10-05,1104,3.69,nominal,60,D,N20,331.13,297.52
VIIRS-NOAA20-375m,44.63079,22.42334,2026-10-05,1104,13.58,nominal,60,D,N20,331.9,301.07
VIIRS-NOAA20-375m,44.74207,22.71901,2026-10-05,1104,4.3,nominal,60,D,N20,333.1,290.81
VIIRS-NOAA20-375m,44.81977,23.08855,2026-10-05,1104,4.21,nominal,60,D,N20,331.73,293.14
VIIRS-NOAA20-375m,44.75978,22.33729,2026-10-05,1104,3.92,nominal,60,D,N20,325.2,293.04
VIIRS-NOAA20-375m,44.84967,22.75909,2026-10-05,1104,4.1,nominal,60,D,N20,332.08,290.49
VIIRS-NOAA20-375m,44.76945,22.30767,2026-10-05,1104,4.62,nominal,60,D,N20,325.86,290.83
VIIRS-NOAA20-375m,44.78671,22.33415,2026-10-05,1104,3.99,nominal,60,D,N20,330.55,290.25
VIIRS-NOAA20-375m,44.78555,22.32847,2026-10-05,1104,3.04,nominal,60,D,N20,327.06,290.18
VIIRS-NOAA20-375m,44.89489,22.49047,2026-10-05,1104,8.92,nominal,60,D,N20,344.47,294.17
VIIRS-NOAA20-375m,44.89853,22.48913,2026-10-05,1104,4.94,nominal,60,D,N20,344.64,294.34
VIIRS-NOAA20-375m,44.89731,22.4832,2026-10-05,1104,4.94,nominal,60,D,N20,329.12,289.4
VIIRS-NOAA20-375m,44.89357,22.46491,2026-10-05,1104,7.58,nominal,60,D,N20,334.63,288.51
VIIRS-NOAA20-375m,44.89109,22.45277,2026-10-05,1104,2.71,nominal,60,D,N20,325.14,288.12
VIIRS-NOAA20-375m,44.91057,22.4908,2026-10-05,1104,8.38,nominal,60,D,N20,338.02,293.44
VIIRS-SNPP-375m,44.32598,22.72356,2026-10-05,1225,2.72,low,30,D,N,325.48,299.17
VIIRS-SNPP-375m,44.33767,22.87406,2026-10-05,1225,3.61,low,30,D,N,328.01,300.7
VIIRS-SNPP-375m,44.33182,22.7285,2026-10-05,1225,8.43,nominal,60,D,N,345.36,301.4
VIIRS-SNPP-375m,44.33161,22.72332,2026-10-05,1225,2.72,nominal,60,D,N,335.64,301.07
VIIRS-SNPP-375m,44.32886,22.72721,2026-10-05,1225,5.12,nominal,60,D,N,355.01,301.61
VIIRS-SNPP-375m,44.32867,22.72201,2026-10-05,1225,5.12,nominal,60,D,N,337.77,300.58
VIIRS-SNPP-375m,44.33958,22.87264,2026-10-05,1225,2.74,nominal,60,D,N,335.07,299.89
VIIRS-SNPP-375m,44.34029,22.73178,2026-10-05,1225,7.56,nominal,60,D,N,346.62,302.68
VIIRS-SNPP-375m,44.35525,22.67881,2026-10-05,1225,2.79,nominal,60,D,N,336.24,302.1
VIIRS-SNPP-375m,44.36105,22.68354,2026-10-05,1225,5.78,nominal,60,D,N,351.65,301.98
VIIRS-SNPP-375m,44.52377,22.82582,2026-10-05,1225,3.97,nominal,60,D,N,331.01,297.62
VIIRS-SNPP-375m,44.55681,22.79767,2026-10-05,1225,2.93,nominal,60,D,N,338.08,298.79
VIIRS-SNPP-375m,44.63111,22.42232,2026-10-05,1225,2.74,nominal,60,D,N,325.08,291.69
VIIRS-SNPP-375m,44.66233,22.99616,2026-10-05,1225,1.46,nominal,60,D,N,327.22,295.98
VIIRS-SNPP-375m,44.88612,22.4662,2026-10-05,1225,3.31,nominal,60,D,N,326.4,292.41
VIIRS-SNPP-375m,44.89828,22.49183,2026-10-05,1225,16.64,high,90,D,N,367,296.35
VIIRS-SNPP-375m,44.89803,22.48538,2026-10-05,1225,12.31,high,90,D,N,367,295.25
VIIRS-SNPP-375m,45.3414,22.01937,2026-10-05,1225,2.04,nominal,60,D,N,332.13,288.69
MODIS-1km,44.33556,22.88078,2026-10-05,1338,6.39,71,71,D,A,312.01,298.67
MODIS-1km,44.33374,22.86874,2026-10-05,1338,20.01,84,84,D,A,326.34,297.48
MODIS-1km,44.32049,22.72156,2026-10-05,1338,5.85,50,50,D,A,311.36,298.09
MODIS-1km,44.35818,22.67244,2026-10-05,1338,5.58,68,68,D,A,309.65,299.46
MODIS-1km,44.40196,22.41347,2026-10-05,1338,6.71,66,66,D,A,308.35,294.03
MODIS-1km,44.52228,22.82577,2026-10-05,1338,10.91,75,75,D,A,314.7,292.17
MODIS-1km,44.52047,22.81368,2026-10-05,1338,9.61,73,73,D,A,313.04,293.85
MODIS-1km,44.555,22.8034,2026-10-05,1338,12.11,76,76,D,A,315.47,291.04
MODIS-1km,44.55318,22.79128,2026-10-05,1338,19.73,78,78,D,A,323.39,292.41
MODIS-1km,44.70507,23.06944,2026-10-05,1338,6.32,65,65,D,A,307.35,294.69
MODIS-1km,44.70327,23.05731,2026-10-05,1338,6.27,65,65,D,A,307.41,294.44
MODIS-1km,44.62965,22.42704,2026-10-05,1338,30.22,87,87,D,A,331.65,294.83
MODIS-1km,44.62778,22.41491,2026-10-05,1338,9.07,70,70,D,A,310.71,293.26
MODIS-1km,44.84922,23.15416,2026-10-05,1338,11.46,75,75,D,A,314.52,296.24
MODIS-1km,44.78071,22.33716,2026-10-05,1338,8.69,68,68,D,A,309.71,291.92
MODIS-1km,44.96585,23.18948,2026-10-05,1338,6.65,68,68,D,A,309.17,297.05
MODIS-1km,44.96407,23.17728,2026-10-05,1338,19.11,82,82,D,A,323.42,297.39
MODIS-1km,44.89894,22.49809,2026-10-05,1338,39.02,91,91,D,A,339.03,293.99
MODIS-1km,44.8971,22.48604,2026-10-05,1338,23.89,38,38,D,A,329.47,294.06
MODIS-1km,44.90934,22.498,2026-10-05,1756,97.36,100,100,N,T,326.35,286.76
VIIRS-NOAA20-375m,45.34545,22.0124,2026-10-05,2320,1.13,nominal,60,N,N20,297.37,282.15
VIIRS-NOAA20-375m,44.9112,22.48668,2026-10-05,2320,4.82,nominal,60,N,N20,297.34,283.46
VIIRS-NOAA20-375m,44.91128,22.49408,2026-10-05,2320,4.82,nominal,60,N,N20,316.79,285.36
VIIRS-NOAA20-375m,44.91134,22.50007,2026-10-05,2320,4.08,nominal,60,N,N20,318.24,286.3
VIIRS-NOAA20-375m,44.90418,22.49873,2026-10-05,2320,4.08,nominal,60,N,N20,309.38,285.87
VIIRS-NOAA20-375m,44.89656,22.45684,2026-10-05,2320,4.13,nominal,60,N,N20,308.16,284.62
VIIRS-NOAA20-375m,44.8969,22.48618,2026-10-05,2320,1.63,nominal,60,N,N20,297.59,284.59
VIIRS-NOAA20-375m,44.88952,22.46649,2026-10-05,2320,3.14,nominal,60,N,N20,300.34,283.85
VIIRS-NOAA20-375m,44.85718,22.75655,2026-10-05,2320,1.79,nominal,60,N,N20,295.17,282.67
VIIRS-NOAA20-375m,44.89401,22.45103,2026-10-05,2320,3.0,nominal,60,N,N20,299.56,283.85
VIIRS-NOAA20-375m,44.89409,22.46233,2026-10-05,2320,2.32,nominal,60,N,N20,296.34,283.57
VIIRS-NOAA20-375m,44.89422,22.48126,2026-10-05,2320,1.46,nominal,60,N,N20,295.45,282.68
VIIRS-NOAA20-375m,44.88694,22.4625,2026-10-05,2320,2.32,nominal,60,N,N20,297.79,283.99
VIIRS-NOAA20-375m,44.79242,22.33377,2026-10-05,2320,1.89,nominal,60,N,N20,300.41,285.36
VIIRS-NOAA20-375m,44.7494,22.34534,2026-10-05,2320,1.19,nominal,60,N,N20,298.6,284.67
VIIRS-NOAA20-375m,44.79011,22.32586,2026-10-05,2320,1.31,nominal,60,N,N20,296.97,285.75
VIIRS-NOAA20-375m,44.79018,22.33496,2026-10-05,2320,1.31,nominal,60,N,N20,299.3,285.87
VIIRS-NOAA20-375m,44.33821,22.72085,2026-10-05,2320,1.22,nominal,60,N,N20,299.66,275.82
VIIRS-SNPP-375m,44.91367,22.49915,2026-10-06,0041,2.05,nominal,60,N,N,324.15,288.49
VIIRS-SNPP-375m,44.91442,22.49436,2026-10-06,0041,2.05,nominal,60,N,N,315.87,285.57
VIIRS-SNPP-375m,44.90966,22.50291,2026-10-06,0041,2.62,nominal,60,N,N,334.33,288.73
VIIRS-SNPP-375m,44.91264,22.48374,2026-10-06,0041,0.6,nominal,60,N,N,301.99,287.55
VIIRS-SNPP-375m,44.91188,22.48855,2026-10-06,0041,1.15,nominal,60,N,N,301.01,287.57
VIIRS-SNPP-375m,44.91114,22.49335,2026-10-06,0041,1.15,nominal,60,N,N,307.03,288.11
VIIRS-SNPP-375m,44.9104,22.49813,2026-10-06,0041,2.62,nominal,60,N,N,297.17,285.35
VIIRS-SNPP-375m,44.90638,22.50189,2026-10-06,0041,2.62,nominal,60,N,N,341.3,289.6
VIIRS-SNPP-375m,44.91011,22.47791,2026-10-06,0041,0.6,nominal,60,N,N,301.13,285.5
VIIRS-SNPP-375m,44.90936,22.48273,2026-10-06,0041,0.6,nominal,60,N,N,296.87,285.83
VIIRS-SNPP-375m,44.90712,22.49711,2026-10-06,0041,2.62,nominal,60,N,N,309.76,287.17
VIIRS-SNPP-375m,44.90564,22.50668,2026-10-06,0041,0.75,nominal,60,N,N,299.06,285.93
VIIRS-SNPP-375m,44.90236,22.50568,2026-10-06,0041,3.29,nominal,60,N,N,329.94,288.23
VIIRS-SNPP-375m,44.9091,22.4624,2026-10-06,0041,0.74,nominal,60,N,N,296.32,285.48
VIIRS-SNPP-375m,44.90834,22.46725,2026-10-06,0041,1.25,nominal,60,N,N,310.87,287.23
VIIRS-SNPP-375m,44.90683,22.47691,2026-10-06,0041,1.46,nominal,60,N,N,309.83,285.67
VIIRS-SNPP-375m,44.9031,22.50088,2026-10-06,0041,3.66,nominal,60,N,N,314.01,288.2
VIIRS-SNPP-375m,44.90506,22.46625,2026-10-06,0041,1.25,nominal,60,N,N,298.82,286.28
VIIRS-SNPP-375m,44.90205,22.48553,2026-10-06,0041,1.35,nominal,60,N,N,316.61,288.32
VIIRS-SNPP-375m,44.90131,22.49032,2026-10-06,0041,1.35,nominal,60,N,N,303.99,287.56
VIIRS-SNPP-375m,44.89952,22.47969,2026-10-06,0041,1.98,nominal,60,N,N,333.91,290.15
VIIRS-SNPP-375m,44.8549,22.76354,2026-10-06,0041,2.11,nominal,60,N,N,326.53,288.12
VIIRS-SNPP-375m,44.89877,22.48451,2026-10-06,0041,0.99,nominal,60,N,N,305.5,286.22
VIIRS-SNPP-375m,44.89803,22.48931,2026-10-06,0041,0.99,nominal,60,N,N,308.87,289.16
VIIRS-SNPP-375m,44.89851,22.46422,2026-10-06,0041,0.74,nominal,60,N,N,297.54,281.64
VIIRS-SNPP-375m,44.89626,22.47866,2026-10-06,0041,1.98,nominal,60,N,N,296.61,281.37
VIIRS-SNPP-375m,44.89475,22.4883,2026-10-06,0041,0.99,nominal,60,N,N,307.05,285.52
VIIRS-SNPP-375m,44.85238,22.75769,2026-10-06,0041,1.7,nominal,60,N,N,317.32,286.95
VIIRS-SNPP-375m,44.85162,22.76251,2026-10-06,0041,2.11,nominal,60,N,N,308.55,286.87
VIIRS-SNPP-375m,44.89523,22.46321,2026-10-06,0041,2.13,nominal,60,N,N,344.89,295.61
VIIRS-SNPP-375m,44.89598,22.45839,2026-10-06,0041,1.1,nominal,60,N,N,306.96,287.6
VIIRS-SNPP-375m,44.89448,22.46801,2026-10-06,0041,2.13,nominal,60,N,N,313.22,283.47
VIIRS-SNPP-375m,44.84834,22.76148,2026-10-06,0041,2.05,nominal,60,N,N,316.54,288.14
VIIRS-SNPP-375m,44.89346,22.45255,2026-10-06,0041,1.1,nominal,60,N,N,301.57,286.48
VIIRS-SNPP-375m,44.89195,22.4622,2026-10-06,0041,2.13,nominal,60,N,N,300.31,286.95
VIIRS-SNPP-375m,44.8912,22.467,2026-10-06,0041,2.13,nominal,60,N,N,300.2,286.75
VIIRS-SNPP-375m,44.89045,22.47181,2026-10-06,0041,0.66,nominal,60,N,N,309.66,285.25
VIIRS-SNPP-375m,44.88717,22.4708,2026-10-06,0041,4.28,nominal,60,N,N,332.46,291.18
VIIRS-SNPP-375m,44.89017,22.45154,2026-10-06,0041,1.29,nominal,60,N,N,305.7,285.39
VIIRS-SNPP-375m,44.8839,22.46977,2026-10-06,0041,4.28,nominal,60,N,N,345.63,288.61
VIIRS-SNPP-375m,44.88465,22.46497,2026-10-06,0041,2.37,nominal,60,N,N,310.56,287.82
VIIRS-SNPP-375m,44.88287,22.45431,2026-10-06,0041,0.85,nominal,60,N,N,302.22,286.29
VIIRS-SNPP-375m,44.78881,22.33778,2026-10-06,0041,3.92,nominal,60,N,N,346.98,291.96
VIIRS-SNPP-375m,44.79029,22.32819,2026-10-06,0041,1.14,nominal,60,N,N,306.79,286.59
VIIRS-SNPP-375m,44.78955,22.333,2026-10-06,0041,3.92,nominal,60,N,N,317.12,288.58
VIIRS-SNPP-375m,44.78776,22.32236,2026-10-06,0041,0.64,nominal,60,N,N,306.93,285.92
VIIRS-SNPP-375m,44.78701,22.3272,2026-10-06,0041,0.64,nominal,60,N,N,295.96,285.9
VIIRS-SNPP-375m,44.78627,22.33201,2026-10-06,0041,0.78,nominal,60,N,N,299.33,287.73
VIIRS-SNPP-375m,44.78553,22.33678,2026-10-06,0041,0.78,nominal,60,N,N,297.96,287
VIIRS-SNPP-375m,44.78479,22.34156,2026-10-06,0041,0.4,nominal,60,N,N,296.03,285.31
VIIRS-SNPP-375m,44.7815,22.34057,2026-10-06,0041,0.4,nominal,60,N,N,304.86,286.14
VIIRS-SNPP-375m,44.7812,22.3204,2026-10-06,0041,0.94,nominal,60,N,N,300.22,286.73
VIIRS-SNPP-375m,44.77761,22.29915,2026-10-06,0041,1.16,nominal,60,N,N,314.19,287.42
VIIRS-SNPP-375m,44.77686,22.30397,2026-10-06,0041,1.16,nominal,60,N,N,304.47,285.73
VIIRS-SNPP-375m,44.77359,22.30294,2026-10-06,0041,1.16,nominal,60,N,N,327.99,288.55
VIIRS-SNPP-375m,44.77433,22.29811,2026-10-06,0041,1.16,nominal,60,N,N,297.16,286.71
VIIRS-SNPP-375m,44.77031,22.30189,2026-10-06,0041,2.87,nominal,60,N,N,331.21,289.89
VIIRS-SNPP-375m,44.76957,22.30671,2026-10-06,0041,0.78,nominal,60,N,N,303.46,287.73
VIIRS-SNPP-375m,44.76882,22.31152,2026-10-06,0041,0.78,nominal,60,N,N,302.83,286.41
VIIRS-SNPP-375m,44.76703,22.30083,2026-10-06,0041,2.87,nominal,60,N,N,331.55,288.23
VIIRS-SNPP-375m,44.76629,22.30564,2026-10-06,0041,0.78,nominal,60,N,N,301.84,286.37
VIIRS-SNPP-375m,44.76376,22.29977,2026-10-06,0041,0.84,nominal,60,N,N,307.56,282.56
VIIRS-SNPP-375m,44.76301,22.30458,2026-10-06,0041,0.81,nominal,60,N,N,308.32,283.58
VIIRS-SNPP-375m,44.74899,22.35071,2026-10-06,0041,1.75,nominal,60,N,N,331.6,288.17
VIIRS-SNPP-375m,44.75496,22.31218,2026-10-06,0041,0.69,nominal,60,N,N,295.42,283.77
VIIRS-SNPP-375m,44.75347,22.32183,2026-10-06,0041,1.86,nominal,60,N,N,298.43,284.84
VIIRS-SNPP-375m,44.74974,22.3459,2026-10-06,0041,0.66,nominal,60,N,N,301.63,284.45
VIIRS-SNPP-375m,44.74825,22.35551,2026-10-06,0041,1.75,nominal,60,N,N,311.85,284.51
VIIRS-SNPP-375m,44.75019,22.3208,2026-10-06,0041,1.86,nominal,60,N,N,333.6,287.08
VIIRS-SNPP-375m,44.74944,22.32564,2026-10-06,0041,1.86,nominal,60,N,N,322.47,287.14
VIIRS-SNPP-375m,44.74869,22.33047,2026-10-06,0041,2.01,nominal,60,N,N,335.35,288.82
VIIRS-SNPP-375m,44.74794,22.3353,2026-10-06,0041,2.01,nominal,60,N,N,299.44,285.57
VIIRS-SNPP-375m,44.74646,22.34488,2026-10-06,0041,0.66,nominal,60,N,N,298.09,283.63
VIIRS-SNPP-375m,44.7457,22.34969,2026-10-06,0041,1.75,nominal,60,N,N,313.69,283.83
VIIRS-SNPP-375m,44.63595,22.41994,2026-10-06,0041,1.06,nominal,60,N,N,297.52,282.17
VIIRS-SNPP-375m,44.5597,22.79343,2026-10-06,0041,1.15,nominal,60,N,N,302.25,284.75
VIIRS-SNPP-375m,44.55642,22.79241,2026-10-06,0041,0.77,nominal,60,N,N,304.53,282.22
VIIRS-SNPP-375m,44.41255,22.75794,2026-10-06,0041,0.61,nominal,60,N,N,296.12,275.67
VIIRS-SNPP-375m,44.35308,22.84962,2026-10-06,0041,0.77,nominal,60,N,N,315.78,277.59
VIIRS-SNPP-375m,44.34537,22.89735,2026-10-06,0041,0.85,nominal,60,N,N,304.73,276.99
VIIRS-SNPP-375m,44.33868,22.72493,2026-10-06,0041,2.28,nominal,60,N,N,324.15,276.63
VIIRS-SNPP-375m,44.33685,22.72267,2026-10-06,0041,2.52,nominal,60,N,N,323.83,276.88
VIIRS-SNPP-375m,44.33609,22.72744,2026-10-06,0041,0.9,nominal,60,N,N,311.09,276.23
VIIRS-SNPP-375m,45.34387,22.01739,2026-10-06,0041,1.49,nominal,60,N,N,313.18,283.29
VIIRS-NOAA20-375m,45.34462,22.02165,2026-10-06,0102,1.18,nominal,60,N,N20,301.31,282.15
VIIRS-NOAA20-375m,44.91298,22.49007,2026-10-06,0102,2.0,nominal,60,N,N20,301.39,285.04
VIIRS-NOAA20-375m,44.91136,22.49759,2026-10-06,0102,2.0,nominal,60,N,N20,313.55,287.2
VIIRS-NOAA20-375m,44.90962,22.5056,2026-10-06,0102,1.8,nominal,60,N,N20,308.21,284.7
VIIRS-NOAA20-375m,44.85358,22.762,2026-10-06,0102,2.38,nominal,60,N,N20,313.57,286.91
VIIRS-NOAA20-375m,44.90761,22.49601,2026-10-06,0102,3.56,nominal,60,N,N20,323.01,286.84
VIIRS-NOAA20-375m,44.90583,22.50418,2026-10-06,0102,1.84,nominal,60,N,N20,300.43,286.29
VIIRS-NOAA20-375m,44.84983,22.76021,2026-10-06,0102,1.63,nominal,60,N,N20,299.04,286.82
VIIRS-NOAA20-375m,44.90846,22.47333,2026-10-06,0102,1.23,nominal,60,N,N20,303.1,285.46
VIIRS-NOAA20-375m,44.90707,22.47973,2026-10-06,0102,1.23,nominal,60,N,N20,295.12,284.76
VIIRS-NOAA20-375m,44.90218,22.50217,2026-10-06,0102,1.84,nominal,60,N,N20,309.18,286.81
VIIRS-NOAA20-375m,44.90189,22.48474,2026-10-06,0102,1.2,nominal,60,N,N20,305.09,286.9
VIIRS-NOAA20-375m,44.89952,22.47685,2026-10-06,0102,3.76,nominal,60,N,N20,324.47,286.32
VIIRS-NOAA20-375m,44.89808,22.48346,2026-10-06,0102,1.2,nominal,60,N,N20,298.71,285.23
VIIRS-NOAA20-375m,44.89657,22.49041,2026-10-06,0102,1.2,nominal,60,N,N20,296.75,286.55
VIIRS-NOAA20-375m,44.89866,22.46207,2026-10-06,0102,2.06,nominal,60,N,N20,299.65,282.3
VIIRS-NOAA20-375m,44.89491,22.46056,2026-10-06,0102,2.06,nominal,60,N,N20,317.7,288.67
VIIRS-NOAA20-375m,44.89342,22.46736,2026-10-06,0102,0.71,nominal,60,N,N20,300.55,285
VIIRS-NOAA20-375m,44.88821,22.47252,2026-10-06,0102,1.78,nominal,60,N,N20,306.81,286.37
VIIRS-NOAA20-375m,44.88597,22.46408,2026-10-06,0102,1.78,nominal,60,N,N20,307.9,286.72
VIIRS-NOAA20-375m,44.88442,22.47115,2026-10-06,0102,1.78,nominal,60,N,N20,313.19,285.42
VIIRS-NOAA20-375m,44.79163,22.32674,2026-10-06,0102,1.32,nominal,60,N,N20,295.41,284.93
VIIRS-NOAA20-375m,44.79021,22.33323,2026-10-06,0102,1.47,nominal,60,N,N20,307.4,287.47
VIIRS-NOAA20-375m,44.78858,22.3407,2026-10-06,0102,1.47,nominal,60,N,N20,296.89,284.93
VIIRS-NOAA20-375m,44.78127,22.3369,2026-10-06,0102,1.24,nominal,60,N,N20,298.56,286.05
VIIRS-NOAA20-375m,44.78062,22.32125,2026-10-06,0102,1.32,nominal,60,N,N20,298.21,286.56
VIIRS-NOAA20-375m,44.77746,22.29852,2026-10-06,0102,1.24,nominal,60,N,N20,301.47,286.09
VIIRS-NOAA20-375m,44.78324,22.33788,2026-10-06,0102,0.98,nominal,60,N,N20,298.37,285.74
VIIRS-NOAA20-375m,44.77552,22.29792,2026-10-06,0102,1.61,nominal,60,N,N20,303.09,287.21
VIIRS-NOAA20-375m,44.77029,22.30337,2026-10-06,0102,3.82,nominal,60,N,N20,321.72,289.11
VIIRS-NOAA20-375m,44.76636,22.30281,2026-10-06,0102,2.28,nominal,60,N,N20,320.11,286.95
VIIRS-NOAA20-375m,44.74889,22.34633,2026-10-06,0102,1.61,nominal,60,N,N20,304.89,284.83
VIIRS-NOAA20-375m,44.74745,22.35307,2026-10-06,0102,1.07,nominal,60,N,N20,299.7,284.31
VIIRS-NOAA20-375m,44.75069,22.31906,2026-10-06,0102,2.98,nominal,60,N,N20,321.19,284.64
VIIRS-NOAA20-375m,44.74936,22.32525,2026-10-06,0102,2.62,nominal,60,N,N20,316.77,286.29
VIIRS-NOAA20-375m,44.74802,22.33146,2026-10-06,0102,2.62,nominal,60,N,N20,311.7,285.76
VIIRS-NOAA20-375m,44.55596,22.79268,2026-10-06,0102,1.78,nominal,60,N,N20,297.05,282.32
VIIRS-NOAA20-375m,44.55666,22.79253,2026-10-06,0102,1.24,nominal,60,N,N20,299.61,282.46
VIIRS-NOAA20-375m,44.63227,22.42532,2026-10-06,0102,0.54,nominal,60,N,N20,298.01,281.24
VIIRS-NOAA20-375m,44.45132,22.7632,2026-10-06,0102,0.42,nominal,60,N,N20,295.1,275.36
MODIS-1km,44.84931,22.76199,2026-10-06,0729,11.25,71,71,D,T,311.32,292.01
MODIS-1km,44.74614,22.33238,2026-10-06,0729,5.54,39,39,D,T,300.58,287.49
MODIS-1km,44.49877,22.83776,2026-10-06,0729,6.88,62,62,D,T,306.19,292.36
MODIS-1km,44.48575,22.795,2026-10-06,0729,5.83,49,49,D,T,304.14,291.37
MODIS-1km,44.34343,22.89949,2026-10-06,0729,9.7,72,72,D,T,311.86,293.93
VIIRS-SNPP-375m,44.33367,23.05033,2026-10-06,1026,3.16,nominal,60,D,N,333.25,303.39
VIIRS-SNPP-375m,44.33479,22.94739,2026-10-06,1026,2.85,low,30,D,N,329.78,301.36
VIIRS-SNPP-375m,44.35902,22.85216,2026-10-06,1026,3.38,nominal,60,D,N,328.75,297.73
VIIRS-SNPP-375m,44.35751,22.85037,2026-10-06,1026,5.29,nominal,60,D,N,333.74,299.29
VIIRS-SNPP-375m,44.37994,22.83512,2026-10-06,1026,2.85,low,30,D,N,325.79,299.43
VIIRS-SNPP-375m,44.38566,22.83167,2026-10-06,1026,5.35,nominal,60,D,N,338.07,300.01
VIIRS-SNPP-375m,44.79713,23.20975,2026-10-06,1026,2.59,nominal,60,D,N,326.46,295.4
VIIRS-SNPP-375m,44.6342,22.41666,2026-10-06,1026,6.0,nominal,60,D,N,346.38,297.14
VIIRS-SNPP-375m,44.85224,22.75773,2026-10-06,1026,5.33,nominal,60,D,N,341.87,294.67
VIIRS-SNPP-375m,44.85042,22.75203,2026-10-06,1026,5.33,nominal,60,D,N,339.43,294.63
VIIRS-SNPP-375m,44.90734,22.50271,2026-10-06,1026,5.21,nominal,60,D,N,341.02,294.84
VIIRS-SNPP-375m,45.18539,21.81902,2026-10-06,1026,6.5,nominal,60,D,N,352.76,297.06
VIIRS-SNPP-375m,45.1825,21.81907,2026-10-06,1026,6.84,nominal,60,D,N,348.38,296.13
VIIRS-NOAA20-375m,44.33791,22.94332,2026-10-06,1045,5.42,nominal,60,D,N20,334.39,301.84
VIIRS-NOAA20-375m,44.33439,22.94457,2026-10-06,1045,6.29,nominal,60,D,N20,336.54,304.49
VIIRS-NOAA20-375m,44.3565,22.8574,2026-10-06,1045,4.76,nominal,60,D,N20,334.08,305.27
VIIRS-NOAA20-375m,44.35493,22.85113,2026-10-06,1045,8.19,low,30,D,N20,331.34,305.84
VIIRS-NOAA20-375m,44.38533,22.83558,2026-10-06,1045,7.16,nominal,60,D,N20,336.84,302.2
VIIRS-NOAA20-375m,44.4956,22.84452,2026-10-06,1045,4.23,low,30,D,N20,326.63,301.29
VIIRS-NOAA20-375m,44.7935,23.2139,2026-10-06,1045,4.27,nominal,60,D,N20,337.24,297.73
VIIRS-NOAA20-375m,44.79775,23.21183,2026-10-06,1045,7.47,nominal,60,D,N20,340.87,298.02
VIIRS-NOAA20-375m,44.78331,23.15284,2026-10-06,1045,5.69,nominal,60,D,N20,344.19,299.18
VIIRS-NOAA20-375m,44.63589,22.42161,2026-10-06,1045,9.33,nominal,60,D,N20,333.99,298.01
VIIRS-NOAA20-375m,44.6343,22.41526,2026-10-06,1045,9.33,nominal,60,D,N20,341.17,301.87
VIIRS-NOAA20-375m,44.85166,22.75503,2026-10-06,1045,19.05,nominal,60,D,N20,354.12,298.94
VIIRS-NOAA20-375m,44.85255,22.75333,2026-10-06,1045,6.35,nominal,60,D,N20,341.96,295.24
VIIRS-NOAA20-375m,44.79193,22.33903,2026-10-06,1045,6.93,nominal,60,D,N20,329.37,294.96
VIIRS-NOAA20-375m,44.88607,22.47741,2026-10-06,1045,6.73,nominal,60,D,N20,335.32,292.67
VIIRS-NOAA20-375m,44.90324,22.50688,2026-10-06,1045,2.14,nominal,60,D,N20,327.88,295
VIIRS-NOAA20-375m,44.89326,22.46683,2026-10-06,1045,6.35,nominal,60,D,N20,330.38,295.95
VIIRS-NOAA20-375m,44.9077,22.50512,2026-10-06,1045,7.97,nominal,60,D,N20,356.34,299.37
VIIRS-NOAA20-375m,44.90641,22.49994,2026-10-06,1045,7.97,low,30,D,N20,325.01,297.76
VIIRS-NOAA20-375m,44.90359,22.50645,2026-10-06,1045,6.72,nominal,60,D,N20,327.76,294.82
VIIRS-NOAA20-375m,44.89345,22.4666,2026-10-06,1045,5.11,nominal,60,D,N20,331.16,295.83
VIIRS-NOAA20-375m,44.90808,22.5048,2026-10-06,1045,6.72,nominal,60,D,N20,353.96,298.17
VIIRS-NOAA20-375m,44.90679,22.4997,2026-10-06,1045,4.78,low,30,D,N20,327.24,297.35
VIIRS-NOAA20-375m,45.17934,21.82249,2026-10-06,1045,16.76,nominal,60,D,N20,352.3,296.99
VIIRS-NOAA20-375m,45.18364,21.81954,2026-10-06,1045,16.76,nominal,60,D,N20,355.56,303.53
VIIRS-NOAA20-375m,45.18163,21.82118,2026-10-06,1045,16.26,nominal,60,D,N20,350.77,304.71
VIIRS-NOAA20-375m,45.18593,21.81828,2026-10-06,1045,16.26,nominal,60,D,N20,332.97,297.9
VIIRS-SNPP-375m,44.33629,22.94533,2026-10-06,1206,5.77,nominal,60,D,N,348.83,307.73
VIIRS-SNPP-375m,44.36085,22.85556,2026-10-06,1206,3.05,nominal,60,D,N,346.8,303.27
VIIRS-SNPP-375m,44.38612,22.8342,2026-10-06,1206,5.26,nominal,60,D,N,336.24,305.58
VIIRS-SNPP-375m,44.38446,22.83275,2026-10-06,1206,6.74,nominal,60,D,N,344.18,306.38
VIIRS-SNPP-375m,44.39379,22.83747,2026-10-06,1206,5.88,nominal,60,D,N,351.04,306.14
VIIRS-SNPP-375m,44.47683,23.28256,2026-10-06,1206,3.82,nominal,60,D,N,345.02,302.78
VIIRS-SNPP-375m,44.45076,22.76174,2026-10-06,1206,5.34,nominal,60,D,N,343.96,307.15
VIIRS-SNPP-375m,44.46087,22.60916,2026-10-06,1206,4.94,nominal,60,D,N,344.14,302.25
VIIRS-SNPP-375m,44.55487,22.79736,2026-10-06,1208,3.13,nominal,60,D,N,335.99,300.39
VIIRS-SNPP-375m,44.63553,22.41908,2026-10-06,1208,5.54,nominal,60,D,N,339.65,298.67
VIIRS-SNPP-375m,44.69033,23.00079,2026-10-06,1208,7.02,nominal,60,D,N,341.58,299.2
VIIRS-SNPP-375m,44.78403,23.1453,2026-10-06,1208,3.82,nominal,60,D,N,329.84,294.8
VIIRS-SNPP-375m,44.78905,23.15131,2026-10-06,1208,3.77,nominal,60,D,N,325.48,293.54
VIIRS-SNPP-375m,44.74501,22.3546,2026-10-06,1208,8.16,nominal,60,D,N,337.33,299.44
VIIRS-SNPP-375m,44.74783,22.33534,2026-10-06,1208,7.35,nominal,60,D,N,342.6,297.41
VIIRS-SNPP-375m,44.74739,22.33,2026-10-06,1208,3.87,nominal,60,D,N,333.81,296.85
VIIRS-SNPP-375m,44.74697,22.32488,2026-10-06,1208,3.87,nominal,60,D,N,334.5,298.15
VIIRS-SNPP-375m,44.85262,22.76555,2026-10-06,1208,3.46,nominal,60,D,N,329.63,294.92
VIIRS-SNPP-375m,44.85211,22.75891,2026-10-06,1208,3.46,nominal,60,D,N,326.74,294.88
VIIRS-SNPP-375m,44.85656,22.75836,2026-10-06,1208,3.51,nominal,60,D,N,330.27,293.49
VIIRS-SNPP-375m,44.88316,22.47354,2026-10-06,1208,14.56,nominal,60,D,N,355.81,304.34
VIIRS-SNPP-375m,44.88269,22.46777,2026-10-06,1208,14.56,nominal,60,D,N,340.87,295.71
VIIRS-SNPP-375m,44.88751,22.4725,2026-10-06,1208,10.79,nominal,60,D,N,344.16,293.72
VIIRS-SNPP-375m,44.88231,22.47148,2026-10-06,1208,24.43,high,90,D,N,367,303.46
VIIRS-SNPP-375m,44.88708,22.47597,2026-10-06,1208,12.85,nominal,60,D,N,341.68,294.71
VIIRS-SNPP-375m,44.88665,22.47035,2026-10-06,1208,12.85,nominal,60,D,N,338.75,291.92
VIIRS-SNPP-375m,45.18407,21.81975,2026-10-06,1208,5.29,nominal,60,D,N,347,301.97
VIIRS-NOAA20-375m,44.33773,22.94356,2026-10-06,1225,6.63,nominal,60,D,N20,345.07,303.97
VIIRS-NOAA20-375m,44.36066,22.85776,2026-10-06,1225,4.56,nominal,60,D,N20,339.65,300.98
VIIRS-NOAA20-375m,44.39099,22.83876,2026-10-06,1225,4.85,low,30,D,N20,332.25,303.22
VIIRS-NOAA20-375m,44.39049,22.84,2026-10-06,1225,2.67,nominal,60,D,N20,337.91,302.54
VIIRS-NOAA20-375m,44.39663,22.83979,2026-10-06,1225,2.67,nominal,60,D,N20,332.08,300.22
VIIRS-NOAA20-375m,44.45033,22.76007,2026-10-06,1225,3.58,nominal,60,D,N20,336.43,306.13
VIIRS-NOAA20-375m,44.49505,22.84208,2026-10-06,1225,1.69,nominal,60,D,N20,327.18,301.29
VIIRS-NOAA20-375m,44.688,23.00607,2026-10-06,1225,3.84,nominal,60,D,N20,329.53,297.48
VIIRS-NOAA20-375m,44.74804,22.35957,2026-10-06,1225,4.69,nominal,60,D,N20,329.57,293.19
VIIRS-NOAA20-375m,44.74742,22.3329,2026-10-06,1225,5.42,nominal,60,D,N20,328.63,294.16
VIIRS-NOAA20-375m,44.78853,23.15113,2026-10-06,1225,3.22,nominal,60,D,N20,330.32,294.52
VIIRS-NOAA20-375m,44.79585,23.21321,2026-10-06,1225,4.22,nominal,60,D,N20,334.98,294.59
VIIRS-NOAA20-375m,44.87886,22.4728,2026-10-06,1225,4.55,nominal,60,D,N20,343.54,291.66
VIIRS-NOAA20-375m,44.885,22.47673,2026-10-06,1225,14.92,high,90,D,N20,367,295.3
VIIRS-NOAA20-375m,44.88487,22.47098,2026-10-06,1225,14.92,nominal,60,D,N20,343.71,293.81
VIIRS-NOAA20-375m,45.18722,21.82112,2026-10-06,1225,6.2,nominal,60,D,N20,345.36,298.38
MODIS-1km,44.74956,22.33012,2026-10-06,1834,14.52,92,92,N,T,315.66,289.58
MODIS-1km,44.74784,22.31784,2026-10-06,1834,6.84,62,62,N,T,304.81,287.92
MODIS-1km,44.76355,22.30071,2026-10-06,1834,4.58,10,10,N,T,301.1,287.44
MODIS-1km,44.77225,22.29833,2026-10-06,1834,7.19,60,60,N,T,304.5,288.49
MODIS-1km,44.78896,22.33885,2026-10-06,1834,9.0,70,70,N,T,307.02,289.26
MODIS-1km,44.85699,22.76559,2026-10-06,1834,12.42,81,81,N,T,310.83,287.36
MODIS-1km,44.85532,22.75327,2026-10-06,1834,14.11,87,87,N,T,313.28,288.28
MODIS-1km,44.79768,22.33642,2026-10-06,1834,6.13,41,41,N,T,302.22,287.43
MODIS-1km,44.88087,22.4786,2026-10-06,1834,10.17,72,72,N,T,309.31,286.38
MODIS-1km,44.87918,22.46634,2026-10-06,1834,11.28,81,81,N,T,310.74,286.04
MODIS-1km,44.88958,22.47617,2026-10-06,1834,5.96,15,15,N,T,303.24,286.09
MODIS-1km,44.9133,22.50138,2026-10-06,1834,6.48,40,40,N,T,301.84,286.65
VIIRS-SNPP-375m,45.12123,22.46097,2026-10-07,0022,1.16,nominal,60,N,N,301.07,283.39
VIIRS-SNPP-375m,44.91746,22.5012,2026-10-07,0022,1.89,nominal,60,N,N,310.46,283.37
VIIRS-SNPP-375m,44.91378,22.50023,2026-10-07,0022,1.89,nominal,60,N,N,320.66,285.43
VIIRS-SNPP-375m,44.91439,22.49472,2026-10-07,0022,1.89,nominal,60,N,N,306.51,284.98
VIIRS-SNPP-375m,44.91009,22.49926,2026-10-07,0022,1.33,nominal,60,N,N,300.22,286.5
VIIRS-SNPP-375m,44.90516,22.50946,2026-10-07,0022,1.45,nominal,60,N,N,301.66,284
VIIRS-SNPP-375m,44.89724,22.47848,2026-10-07,0022,0.35,nominal,60,N,N,296.28,282.42
VIIRS-SNPP-375m,44.89491,22.46528,2026-10-07,0022,0.46,nominal,60,N,N,296.13,281.78
VIIRS-SNPP-375m,44.90211,22.49156,2026-10-07,0022,1.39,nominal,60,N,N,296.28,284.4
VIIRS-SNPP-375m,44.89611,22.47775,2026-10-07,0022,0.65,nominal,60,N,N,297.89,280.64
VIIRS-SNPP-375m,44.89381,22.46469,2026-10-07,0022,0.87,nominal,60,N,N,297.66,283.29
VIIRS-SNPP-375m,44.8589,22.76538,2026-10-07,0022,1.25,nominal,60,N,N,304.19,284.23
VIIRS-SNPP-375m,44.85592,22.75879,2026-10-07,0022,2.99,nominal,60,N,N,323.4,288.04
VIIRS-SNPP-375m,44.85661,22.75292,2026-10-07,0022,2.26,nominal,60,N,N,296.32,285.04
VIIRS-SNPP-375m,44.85523,22.76462,2026-10-07,0022,2.99,nominal,60,N,N,316.32,287.01
VIIRS-SNPP-375m,44.85456,22.77035,2026-10-07,0022,0.96,nominal,60,N,N,306.68,283.98
VIIRS-SNPP-375m,44.85294,22.75212,2026-10-07,0022,2.26,nominal,60,N,N,327.9,286.54
VIIRS-SNPP-375m,44.88503,22.47508,2026-10-07,0022,3.03,nominal,60,N,N,315.94,284.63
VIIRS-SNPP-375m,44.85089,22.76957,2026-10-07,0022,0.96,nominal,60,N,N,305.31,285.18
VIIRS-SNPP-375m,44.88208,22.46771,2026-10-07,0022,5.09,nominal,60,N,N,330.79,284.36
VIIRS-SNPP-375m,44.88137,22.47394,2026-10-07,0022,5.09,nominal,60,N,N,340.57,285.49
VIIRS-SNPP-375m,44.79738,22.33888,2026-10-07,0022,1.99,nominal,60,N,N,298.18,286.06
VIIRS-SNPP-375m,44.79302,22.3437,2026-10-07,0022,1.99,nominal,60,N,N,329.86,288.5
VIIRS-SNPP-375m,44.79435,22.33205,2026-10-07,0022,1.67,nominal,60,N,N,304.78,286.23
VIIRS-SNPP-375m,44.79366,22.33808,2026-10-07,0022,1.99,nominal,60,N,N,309.48,287.32
VIIRS-SNPP-375m,44.78933,22.34266,2026-10-07,0022,3.13,nominal,60,N,N,317.82,286.69
VIIRS-SNPP-375m,44.78081,22.31686,2026-10-07,0022,0.77,nominal,60,N,N,301.03,285.89
VIIRS-SNPP-375m,44.78009,22.32317,2026-10-07,0022,0.58,nominal,60,N,N,295.2,284.94
VIIRS-SNPP-375m,44.77918,22.29748,2026-10-07,0022,1.38,nominal,60,N,N,319.63,286.9
VIIRS-SNPP-375m,44.77551,22.29618,2026-10-07,0022,1.38,nominal,60,N,N,300.42,286.06
VIIRS-SNPP-375m,44.77185,22.29471,2026-10-07,0022,1.17,nominal,60,N,N,302.25,286.27
VIIRS-SNPP-375m,44.77112,22.30127,2026-10-07,0022,1.17,nominal,60,N,N,299.16,286.25
VIIRS-SNPP-375m,44.76748,22.29968,2026-10-07,0022,1.17,nominal,60,N,N,311.89,286.48
VIIRS-SNPP-375m,44.74849,22.33301,2026-10-07,0022,1.1,nominal,60,N,N,298.24,286.57
VIIRS-SNPP-375m,44.74554,22.32526,2026-10-07,0022,1.2,nominal,60,N,N,306.32,284.73
VIIRS-SNPP-375m,44.74481,22.33178,2026-10-07,0022,1.2,nominal,60,N,N,312,285.55
VIIRS-SNPP-375m,44.74277,22.34998,2026-10-07,0022,0.81,nominal,60,N,N,304.05,283.82
VIIRS-SNPP-375m,44.74208,22.35616,2026-10-07,0022,0.81,nominal,60,N,N,300.31,283.79
VIIRS-SNPP-375m,44.63866,22.42184,2026-10-07,0022,0.77,nominal,60,N,N,303.7,279.35
VIIRS-SNPP-375m,44.55861,22.79225,2026-10-07,0022,1.42,nominal,60,N,N,300.31,283.23
VIIRS-SNPP-375m,44.49113,22.8366,2026-10-07,0022,0.73,nominal,60,N,N,300.11,278.06
VIIRS-SNPP-375m,44.49505,22.44396,2026-10-07,0024,1.47,nominal,60,N,N,317.15,283.83
VIIRS-SNPP-375m,44.44643,22.77142,2026-10-07,0024,3.09,nominal,60,N,N,328.1,278.06
VIIRS-SNPP-375m,44.41322,22.99303,2026-10-07,0024,1.22,nominal,60,N,N,308.36,277.9
VIIRS-SNPP-375m,44.41323,22.99119,2026-10-07,0024,1.55,nominal,60,N,N,310.25,278.14
VIIRS-SNPP-375m,44.30268,23.04833,2026-10-07,0024,0.88,nominal,60,N,N,300.89,277.54
VIIRS-NOAA20-375m,45.1241,22.46218,2026-10-07,0041,0.67,nominal,60,N,N20,297.14,283.96
VIIRS-NOAA20-375m,44.9153,22.49649,2026-10-07,0041,1.98,nominal,60,N,N20,332.29,287.18
VIIRS-NOAA20-375m,44.91442,22.50158,2026-10-07,0041,1.98,nominal,60,N,N20,325.42,284.68
VIIRS-NOAA20-375m,44.91113,22.50048,2026-10-07,0041,1.98,nominal,60,N,N20,299.3,286.76
VIIRS-NOAA20-375m,44.91215,22.47455,2026-10-07,0041,0.75,nominal,60,N,N20,295.19,284.65
VIIRS-NOAA20-375m,44.90609,22.50949,2026-10-07,0041,0.9,nominal,60,N,N20,298.48,283.36
VIIRS-NOAA20-375m,44.85812,22.76422,2026-10-07,0041,2.21,nominal,60,N,N20,334.79,283.82
VIIRS-NOAA20-375m,44.85899,22.75924,2026-10-07,0041,2.21,nominal,60,N,N20,313.39,282.92
VIIRS-NOAA20-375m,44.85723,22.76922,2026-10-07,0041,0.89,nominal,60,N,N20,302.02,280.28
VIIRS-NOAA20-375m,44.90307,22.48689,2026-10-07,0041,1.04,nominal,60,N,N20,300.38,286.07
VIIRS-NOAA20-375m,44.85658,22.75309,2026-10-07,0041,2.35,nominal,60,N,N20,301.05,283.25
VIIRS-NOAA20-375m,44.85571,22.75806,2026-10-07,0041,2.21,nominal,60,N,N20,309.07,284.42
VIIRS-NOAA20-375m,44.85394,22.76806,2026-10-07,0041,1.88,nominal,60,N,N20,309.43,284.18
VIIRS-NOAA20-375m,44.85329,22.75193,2026-10-07,0041,2.35,nominal,60,N,N20,334.69,285.45
VIIRS-NOAA20-375m,44.89818,22.47499,2026-10-07,0041,0.61,nominal,60,N,N20,306.11,285.17
VIIRS-NOAA20-375m,44.89828,22.45436,2026-10-07,0041,0.31,nominal,60,N,N20,295.64,284.19
VIIRS-NOAA20-375m,44.89246,22.4679,2026-10-07,0041,0.86,nominal,60,N,N20,300.61,285.49
VIIRS-NOAA20-375m,44.89161,22.47281,2026-10-07,0041,0.86,nominal,60,N,N20,300.85,285
VIIRS-NOAA20-375m,44.88749,22.47654,2026-10-07,0041,0.89,nominal,60,N,N20,308.79,287.49
VIIRS-NOAA20-375m,44.8842,22.47548,2026-10-07,0041,3.3,nominal,60,N,N20,339.57,291.52
VIIRS-NOAA20-375m,44.88504,22.47063,2026-10-07,0041,3.47,nominal,60,N,N20,311.11,287.86
VIIRS-NOAA20-375m,44.88174,22.46959,2026-10-07,0041,3.47,nominal,60,N,N20,353.83,295.36
VIIRS-NOAA20-375m,44.8826,22.46465,2026-10-07,0041,3.47,nominal,60,N,N20,304.13,285.45
VIIRS-NOAA20-375m,44.8809,22.47445,2026-10-07,0041,3.3,nominal,60,N,N20,313.47,286.23
VIIRS-NOAA20-375m,44.79721,22.34101,2026-10-07,0041,1.82,nominal,60,N,N20,298.49,285.46
VIIRS-NOAA20-375m,44.79394,22.33989,2026-10-07,0041,1.82,nominal,60,N,N20,331.06,289.65
VIIRS-NOAA20-375m,44.79306,22.34492,2026-10-07,0041,2.16,nominal,60,N,N20,327.6,287.77
VIIRS-NOAA20-375m,44.79563,22.3301,2026-10-07,0041,1.66,nominal,60,N,N20,319.98,286.47
VIIRS-NOAA20-375m,44.7948,22.33494,2026-10-07,0041,1.82,nominal,60,N,N20,308.43,287.04
VIIRS-NOAA20-375m,44.79109,22.34236,2026-10-07,0041,1.47,nominal,60,N,N20,334.25,289.24
VIIRS-NOAA20-375m,44.79362,22.32754,2026-10-07,0041,1.0,nominal,60,N,N20,310.3,285.44
VIIRS-NOAA20-375m,44.79279,22.33239,2026-10-07,0041,1.0,nominal,60,N,N20,298.52,286.05
VIIRS-NOAA20-375m,44.79195,22.33732,2026-10-07,0041,1.47,nominal,60,N,N20,297.71,286.69
VIIRS-NOAA20-375m,44.79116,22.32165,2026-10-07,0041,0.58,nominal,60,N,N20,303.41,283.31
VIIRS-NOAA20-375m,44.78781,22.34129,2026-10-07,0041,1.47,nominal,60,N,N20,296.08,285.64
VIIRS-NOAA20-375m,44.78136,22.31809,2026-10-07,0041,0.94,nominal,60,N,N20,309.82,286.84
VIIRS-NOAA20-375m,44.78142,22.29749,2026-10-07,0041,1.35,nominal,60,N,N20,310.16,286.67
VIIRS-NOAA20-375m,44.77814,22.2964,2026-10-07,0041,2.2,nominal,60,N,N20,320.78,288.3
VIIRS-NOAA20-375m,44.77398,22.32071,2026-10-07,0041,0.39,nominal,60,N,N20,297.19,285.04
VIIRS-NOAA20-375m,44.77485,22.29542,2026-10-07,0041,2.2,nominal,60,N,N20,325.53,288.57
VIIRS-NOAA20-375m,44.77155,22.29446,2026-10-07,0041,1.28,nominal,60,N,N20,314.46,287.09
VIIRS-NOAA20-375m,44.77072,22.29927,2026-10-07,0041,2.2,nominal,60,N,N20,318.54,288.38
VIIRS-NOAA20-375m,44.76742,22.29833,2026-10-07,0041,2.2,nominal,60,N,N20,327.17,287.65
VIIRS-NOAA20-375m,44.76825,22.29349,2026-10-07,0041,1.28,nominal,60,N,N20,308.26,285.27
VIIRS-NOAA20-375m,44.76412,22.29737,2026-10-07,0041,0.45,nominal,60,N,N20,305.56,283.27
VIIRS-NOAA20-375m,44.74751,22.35369,2026-10-07,0041,0.93,nominal,60,N,N20,296.63,284.88
VIIRS-NOAA20-375m,44.7476,22.33301,2026-10-07,0041,2.52,nominal,60,N,N20,323.88,287.78
VIIRS-NOAA20-375m,44.74925,22.32341,2026-10-07,0041,0.63,nominal,60,N,N20,300.7,285.29
VIIRS-NOAA20-375m,44.74842,22.3282,2026-10-07,0041,0.63,nominal,60,N,N20,300.24,285.9
VIIRS-NOAA20-375m,44.74506,22.34776,2026-10-07,0041,0.81,nominal,60,N,N20,297.57,283.8
VIIRS-NOAA20-375m,44.74422,22.35265,2026-10-07,0041,0.93,nominal,60,N,N20,318.37,285.29
VIIRS-NOAA20-375m,44.74339,22.35753,2026-10-07,0041,0.93,nominal,60,N,N20,297.77,284.1
VIIRS-NOAA20-375m,44.74596,22.32236,2026-10-07,0041,1.38,nominal,60,N,N20,311.45,284.49
VIIRS-NOAA20-375m,44.74512,22.32718,2026-10-07,0041,1.38,nominal,60,N,N20,319.6,285.6
VIIRS-NOAA20-375m,44.7443,22.332,2026-10-07,0041,0.63,nominal,60,N,N20,303.91,285.09
VIIRS-NOAA20-375m,44.63932,22.4229,2026-10-07,0041,0.51,nominal,60,N,N20,306.89,280.45
VIIRS-NOAA20-375m,44.63773,22.41201,2026-10-07,0041,1.37,nominal,60,N,N20,305.48,281.99
VIIRS-NOAA20-375m,44.5577,22.79047,2026-10-07,0041,1.25,nominal,60,N,N20,305.96,282.64
VIIRS-NOAA20-375m,44.49339,22.83648,2026-10-07,0041,0.34,nominal,60,N,N20,296.66,276.59
VIIRS-NOAA20-375m,44.41183,22.99132,2026-10-07,0041,1.5,nominal,60,N,N20,309.28,278.4
VIIRS-NOAA20-375m,44.44721,22.77259,2026-10-07,0041,1.61,nominal,60,N,N20,335.08,279.03
VIIRS-NOAA20-375m,44.4439,22.77146,2026-10-07,0041,1.61,nominal,60,N,N20,296.97,276.78
VIIRS-NOAA20-375m,44.49821,22.4417,2026-10-07,0041,2.19,nominal,60,N,N20,316.08,283.65
VIIRS-SNPP-375m,44.85804,22.75727,2026-10-07,0202,1.2,nominal,60,N,N,298.98,284.17
VIIRS-SNPP-375m,44.85414,22.76778,2026-10-07,0202,1.2,nominal,60,N,N,296.34,284.06
VIIRS-SNPP-375m,44.85729,22.76978,2026-10-07,0202,1.44,nominal,60,N,N,296.66,282.11
VIIRS-SNPP-375m,44.91327,22.50523,2026-10-07,0202,0.85,nominal,60,N,N,295.69,282.57
VIIRS-SNPP-375m,44.88359,22.47622,2026-10-07,0202,3.11,nominal,60,N,N,305.96,284.05
VIIRS-SNPP-375m,44.87953,22.46531,2026-10-07,0202,2.9,nominal,60,N,N,298.86,282.98
VIIRS-SNPP-375m,44.77729,22.29196,2026-10-07,0204,1.45,nominal,60,N,N,295.36,284.05
VIIRS-SNPP-375m,44.74567,22.33423,2026-10-07,0204,2.0,nominal,60,N,N,298.13,283.48
VIIRS-SNPP-375m,44.79594,22.33383,2026-10-07,0204,1.6,nominal,60,N,N,295.59,283.68
VIIRS-SNPP-375m,44.77764,22.29575,2026-10-07,0204,1.31,nominal,60,N,N,295.65,284.77
VIIRS-SNPP-375m,44.76955,22.29601,2026-10-07,0204,1.31,nominal,60,N,N,300.28,283.7
VIIRS-SNPP-375m,44.44601,22.77656,2026-10-07,0204,1.79,nominal,60,N,N,303.35,275.3
VIIRS-SNPP-375m,44.44633,22.77078,2026-10-07,0204,1.77,nominal,60,N,N,296.03,275.56
