scheme,lat,lon,date,time_utc,daynight,frp_mw,frp_err_mw,confidence_pct,confidence_class,bt_k,ifov_m2,sza,vza,satellite,product,dist_to_main_fire_km
SWIR500m,44.756878,22.363395,2026-09-23,19:52:25,N,0.782422,7.234694,100.0,,,303093.75,124.47,8.73,S3A,S3A_SL,18.15
SWIR500m,44.755183,22.35761,2026-09-23,19:52:25,N,0.785092,7.259385,100.0,,,303214.0,124.47,8.73,S3A,S3A_SL,18.54
SWIR500m,44.778752,22.341278,2026-09-23,19:52:26,N,0.939772,0.410129,100.0,,,303214.0,124.45,8.79,S3A,S3A_SL,17.13
SWIR500m,44.714752,22.741669,2026-09-26,20:14:46,N,2.252698,7.056812,0.0,,,409843.5,128.68,28.13,S3A,S3A_SL,29.11
MWIR1km-standard,44.877849,22.438549,2026-09-27,19:48:47,N,56.879752,5.74882,80.3,2,345.85,868431.625,125.45,12.45,S3A,S3A_SL,3.88
MWIR1km-standard,44.873839,22.425988,2026-09-27,19:48:47,N,6.384719,0.748097,,0,299.68,1210828.125,125.45,12.51,S3A,S3A_SL,4.94
MWIR1km-alternative,44.877849,22.438549,2026-09-27,19:48:47,N,41.450827,4.189423,80.3,2,345.85,868431.625,125.45,12.45,S3A,S3A_SL,3.88
MWIR1km-alternative,44.873839,22.425988,2026-09-27,19:48:47,N,6.384719,0.748097,,0,281.56,1210828.125,125.45,12.51,S3A,S3A_SL,4.94
SWIR500m,44.883622,22.436853,2026-09-27,19:48:47,N,0.800279,0.08099,0.0,,,313337.688,125.45,12.45,S3A,S3A_SL,3.66
SWIR500m,44.881601,22.430653,2026-09-27,19:48:47,N,1.038677,0.105115,100.0,,,313337.688,125.45,12.45,S3A,S3A_SL,4.2
SWIR500m,44.876759,22.432611,2026-09-27,19:48:47,N,12.322516,1.9891,0.0,,,313337.688,125.46,12.45,S3A,S3A_SL,4.33
SWIR500m,44.878788,22.438738,2026-09-27,19:48:47,N,16.403258,2.647769,0.0,,,313337.688,125.46,12.45,S3A,S3A_SL,3.8
SWIR500m,44.782379,22.33327,2026-09-28,20:24:49,N,1.836004,0.234049,0.0,,,554223.688,130.32,37.48,S3B,S3B_SL,17.23
MWIR1km-standard,44.879317,22.440896,2026-09-28,20:24:51,N,6.720398,1.153706,72.1,1,295.84,2213547.5,130.26,38.12,S3B,S3B_SL,3.63
MWIR1km-standard,44.876859,22.423316,2026-09-28,20:24:51,N,10.846487,1.167782,81.8,2,301.0,2207239.75,130.26,38.01,S3B,S3B_SL,4.95
MWIR1km-alternative,44.879317,22.440896,2026-09-28,20:24:51,N,6.720398,1.153706,,0,285.41,2213547.5,130.26,38.12,S3B,S3B_SL,3.63
MWIR1km-alternative,44.876859,22.423316,2026-09-28,20:24:51,N,10.846487,1.167782,,0,286.0,2207239.75,130.26,38.01,S3B,S3B_SL,4.95
SWIR500m,44.882888,22.422464,2026-09-28,20:24:51,N,4.445252,0.462119,0.0,,,565076.562,130.26,38.01,S3B,S3B_SL,4.73
SWIR500m,44.907245,22.439569,2026-09-29,20:37:45,N,2.705003,0.46301,100.0,,,1027098.875,132.11,51.6,S3A,S3A_SL,3.23
SWIR500m,44.905194,22.436408,2026-09-29,20:37:45,N,2.712854,0.464351,100.0,,,1022558.938,132.11,51.6,S3A,S3A_SL,3.41
MWIR1km-alternative,44.867074,22.476144,2026-09-30,19:33:01,N,1.857544,0.376589,,0,289.51,1082004.625,124.43,33.15,S3B,S3B_SL,3.47
MWIR1km-alternative,44.884837,22.500254,2026-09-30,19:33:01,N,2.322063,0.401406,51.2,1,291.06,1082004.625,124.43,33.15,S3B,S3B_SL,2.27
MWIR1km-standard,44.891422,22.494029,2026-09-30,19:33:02,N,6.223659,0.781126,70.3,1,295.14,1821253.25,124.43,33.15,S3B,S3B_SL,1.44
MWIR1km-alternative,44.882667,22.482414,2026-09-30,19:33:02,N,3.25414,0.462882,66.4,1,293.88,1082004.625,124.43,33.15,S3B,S3B_SL,1.75
MWIR1km-standard,44.768327,22.341812,2026-09-30,20:11:00,N,6.0379,0.882391,80.0,2,299.85,1373343.375,129.48,21.27,S3A,S3A_SL,18.02
MWIR1km-standard,44.777012,22.325985,2026-09-30,20:11:00,N,5.009668,0.64169,74.8,1,297.02,1371503.375,129.46,21.2,S3A,S3A_SL,18.06
MWIR1km-alternative,44.777012,22.325985,2026-09-30,20:11:00,N,1.659536,0.295587,59.7,1,292.27,923079.125,129.48,21.27,S3A,S3A_SL,18.06
MWIR1km-alternative,44.769054,22.327087,2026-09-30,20:11:00,N,3.024887,0.439384,59.7,1,296.85,923079.125,129.48,21.27,S3A,S3A_SL,18.68
MWIR1km-alternative,44.776396,22.341109,2026-09-30,20:11:00,N,3.213002,0.549396,75.6,1,297.41,923079.125,129.48,21.27,S3A,S3A_SL,17.34
MWIR1km-alternative,44.769874,22.312726,2026-09-30,20:11:00,N,1.419257,0.465282,43.2,1,291.38,923079.125,129.48,21.27,S3A,S3A_SL,19.35
MWIR1km-alternative,44.78578,22.336089,2026-09-30,20:11:00,N,1.661643,0.472679,53.9,1,292.27,923079.125,129.48,21.27,S3A,S3A_SL,16.8
MWIR1km-alternative,44.777852,22.311682,2026-09-30,20:11:00,N,3.055235,0.537709,74.7,1,296.96,923079.125,129.48,21.27,S3A,S3A_SL,18.76
SWIR500m,44.780017,22.318391,2026-09-30,20:11:00,N,1.173604,0.205495,100.0,,,354305.656,129.46,21.2,S3A,S3A_SL,18.22
SWIR500m,44.766294,22.343666,2026-09-30,20:11:00,N,1.714332,27.998566,0.0,,,355233.438,129.48,21.33,S3A,S3A_SL,18.12
SWIR500m,44.775194,22.320608,2026-09-30,20:11:00,N,1.079072,0.262412,100.0,,,354305.656,129.46,21.2,S3A,S3A_SL,18.5
SWIR500m,44.900408,22.507549,2026-09-30,20:11:03,N,1.119771,0.761742,0.0,,,362004.469,129.46,22.41,S3A,S3A_SL,2.3
SWIR500m,44.897322,22.505431,2026-09-30,20:11:03,N,2.215677,0.334016,0.0,,,362004.469,129.46,22.35,S3A,S3A_SL,2.12
MWIR1km-standard,44.75862,22.325888,2026-10-01,19:45:07,N,5.638719,0.620607,78.6,1,299.02,1299856.125,126.44,17.99,S3A,S3A_SL,19.64
MWIR1km-alternative,44.75862,22.325888,2026-10-01,19:45:07,N,3.205174,0.382642,74.5,1,296.9,896953.562,126.44,17.99,S3A,S3A_SL,19.64
MWIR1km-alternative,44.748918,22.328206,2026-10-01,19:45:07,N,3.207295,0.356118,71.9,1,296.9,896953.562,126.44,17.99,S3A,S3A_SL,20.4
MWIR1km-alternative,44.754105,22.340216,2026-10-01,19:45:07,N,0.788309,0.220793,,0,287.73,896953.562,126.44,17.99,S3A,S3A_SL,19.38
MWIR1km-alternative,44.753389,22.313345,2026-10-01,19:45:07,N,2.342245,0.312918,66.7,1,293.97,896953.562,126.44,17.99,S3A,S3A_SL,20.71
MWIR1km-alternative,44.748236,22.302227,2026-10-01,19:45:07,N,0.587531,0.213884,,0,286.8,896953.562,126.44,17.99,S3A,S3A_SL,21.71
MWIR1km-alternative,44.763782,22.337579,2026-10-01,19:45:07,N,0.582423,0.213435,,0,286.78,896953.562,126.44,17.99,S3A,S3A_SL,18.63
MWIR1km-alternative,44.761093,22.309103,2026-10-01,19:45:07,N,1.96324,0.285596,61.2,1,292.58,896953.562,126.44,17.99,S3A,S3A_SL,20.27
MWIR1km-alternative,44.755927,22.297833,2026-10-01,19:45:07,N,0.666249,0.216715,,0,287.17,896953.562,126.44,17.99,S3A,S3A_SL,21.29
MWIR1km-alternative,44.766336,22.321745,2026-10-01,19:45:07,N,0.58641,0.213475,,0,286.8,896953.562,126.44,17.99,S3A,S3A_SL,19.18
MWIR1km-alternative,44.776041,22.319525,2026-10-01,19:45:07,N,0.586022,0.213333,,0,286.8,896953.562,126.44,17.99,S3A,S3A_SL,18.48
SWIR500m,44.75948,22.326503,2026-10-01,19:45:07,N,1.802373,0.904944,0.0,,,336158.469,126.45,17.99,S3A,S3A_SL,19.53
MWIR1km-standard,44.89929,22.489103,2026-10-01,19:45:08,N,5.245885,0.792357,76.3,1,297.74,1277892.75,126.46,16.84,S3A,S3A_SL,0.84
MWIR1km-alternative,44.89929,22.489103,2026-10-01,19:45:08,N,1.761545,0.461544,45.1,1,291.02,889996.312,126.46,16.84,S3A,S3A_SL,0.84
MWIR1km-alternative,44.886597,22.48191,2026-10-01,19:45:08,N,1.641687,0.45743,35.3,1,290.52,889996.312,126.46,16.84,S3A,S3A_SL,1.32
MWIR1km-alternative,44.889362,22.465524,2026-10-01,19:45:08,N,1.161015,0.442433,,0,288.46,889996.312,126.46,16.84,S3A,S3A_SL,1.42
MWIR1km-alternative,44.894328,22.47719,2026-10-01,19:45:08,N,2.211145,0.480691,59.5,1,292.77,889996.312,126.46,16.84,S3A,S3A_SL,0.44
MWIR1km-alternative,44.898977,22.462781,2026-10-01,19:45:08,N,1.610203,0.45602,31.0,1,290.39,889996.312,126.46,16.84,S3A,S3A_SL,1.24
SWIR500m,44.902451,22.482384,2026-10-01,19:45:08,N,0.752625,0.18104,100.0,,,330606.531,126.46,16.84,S3A,S3A_SL,0.56
SWIR500m,44.900014,22.48952,2026-10-01,19:45:08,N,1.360443,1.730521,100.0,,,330606.531,126.46,16.84,S3A,S3A_SL,0.89
MWIR1km-standard,44.905214,22.487551,2026-10-02,08:59:11,D,8.943285,2.381659,76.4,1,310.85,1201492.75,51.77,11.51,S3B,S3B_SL,1.06
MWIR1km-alternative,44.905214,22.487551,2026-10-02,08:59:11,D,8.943285,2.381659,,0,292.4,1201492.75,51.77,11.51,S3B,S3B_SL,1.06
SWIR500m,44.906857,22.482287,2026-10-02,20:21:03,N,1.631063,1.879746,100.0,,,491606.094,131.36,33.97,S3B,S3B_SL,1.01
MWIR1km-standard,44.909968,22.493748,2026-10-03,09:11:33,D,8.007809,1.362175,78.5,1,308.18,1193978.75,51.25,11.07,S3A,S3A_SL,1.78
MWIR1km-alternative,44.909968,22.493748,2026-10-03,09:11:33,D,6.935441,1.062854,81.2,2,310.69,863009.0,51.25,11.07,S3A,S3A_SL,1.78
MWIR1km-standard,44.756238,22.324124,2026-10-03,19:54:49,N,4.570884,0.711182,78.1,1,298.74,1158533.0,128.51,7.39,S3B,S3B_SL,19.93
MWIR1km-alternative,44.756238,22.324124,2026-10-03,19:54:49,N,1.234978,0.440531,43.3,1,290.77,894448.375,128.51,7.39,S3B,S3B_SL,19.93
MWIR1km-alternative,44.753434,22.311923,2026-10-03,19:54:49,N,1.651746,0.390792,60.5,1,292.44,894448.375,128.51,7.39,S3B,S3B_SL,20.78
MWIR1km-alternative,44.750356,22.300084,2026-10-03,19:54:49,N,1.5284,0.465941,48.2,1,291.96,894448.375,128.51,7.39,S3B,S3B_SL,21.64
SWIR500m,44.759196,22.323492,2026-10-03,19:54:49,N,1.153499,0.190754,100.0,,,299724.0,128.51,7.39,S3B,S3B_SL,19.71
SWIR500m,44.757802,22.317383,2026-10-03,19:54:49,N,0.995487,0.784051,100.0,,,299724.0,128.52,7.39,S3B,S3B_SL,20.13
SWIR500m,44.760755,22.308892,2026-10-03,19:54:49,N,1.073902,0.126868,100.0,,,299792.531,128.5,7.43,S3B,S3B_SL,20.31
MWIR1km-standard,44.764806,22.320551,2026-10-03,19:54:50,N,3.491784,0.835399,67.7,1,296.46,1158533.0,128.5,7.39,S3B,S3B_SL,19.37
MWIR1km-standard,44.762015,22.308255,2026-10-03,19:54:50,N,5.948866,1.016732,83.1,2,301.91,1158782.5,128.5,7.43,S3B,S3B_SL,20.24
MWIR1km-alternative,44.764806,22.320551,2026-10-03,19:54:50,N,2.360055,0.663244,63.9,1,295.06,894448.375,128.51,7.39,S3B,S3B_SL,19.37
MWIR1km-alternative,44.762015,22.308255,2026-10-03,19:54:50,N,4.675973,0.798409,83.5,2,302.2,894448.375,128.51,7.39,S3B,S3B_SL,20.24
MWIR1km-alternative,44.759,22.296244,2026-10-03,19:54:50,N,3.457275,0.560505,78.0,1,298.67,894448.375,128.51,7.39,S3B,S3B_SL,21.12
MWIR1km-alternative,44.755946,22.284228,2026-10-03,19:54:50,N,1.608523,0.468496,50.9,1,292.27,894448.375,128.51,7.39,S3B,S3B_SL,22.02
MWIR1km-standard,44.882869,22.461074,2026-10-03,19:54:51,N,5.592738,0.746504,80.0,1,299.83,1155650.25,128.5,6.92,S3B,S3B_SL,2.19
MWIR1km-standard,44.891528,22.457543,2026-10-03,19:54:51,N,8.019838,0.96876,87.1,2,305.06,1155650.25,128.49,6.92,S3B,S3B_SL,1.81
MWIR1km-standard,44.908521,22.491029,2026-10-03,19:54:51,N,3.846855,0.64213,70.7,1,295.29,1155183.625,128.5,6.83,S3B,S3B_SL,1.51
MWIR1km-alternative,44.882869,22.461074,2026-10-03,19:54:51,N,1.606456,0.425604,43.6,1,290.47,892456.5,128.5,6.92,S3B,S3B_SL,2.19
MWIR1km-alternative,44.891528,22.457543,2026-10-03,19:54:51,N,2.363411,0.501453,64.9,1,293.46,892456.5,128.5,6.92,S3B,S3B_SL,1.81
MWIR1km-alternative,44.908521,22.491029,2026-10-03,19:54:51,N,0.744541,0.424474,,0,286.09,892255.688,128.5,6.83,S3B,S3B_SL,1.51
MWIR1km-alternative,44.868665,22.439661,2026-10-03,19:54:51,N,1.753811,0.439129,50.5,1,291.08,892456.5,128.5,6.92,S3B,S3B_SL,4.49
MWIR1km-alternative,44.880212,22.448759,2026-10-03,19:54:51,N,1.950113,0.447399,57.4,1,291.87,892456.5,128.5,6.92,S3B,S3B_SL,3.08
MWIR1km-alternative,44.877402,22.436615,2026-10-03,19:54:51,N,1.753888,0.439148,50.5,1,291.08,892456.5,128.5,6.92,S3B,S3B_SL,4.03
MWIR1km-alternative,44.888881,22.445201,2026-10-03,19:54:51,N,3.441298,0.530303,75.2,1,297.21,892456.5,128.5,6.92,S3B,S3B_SL,2.82
MWIR1km-alternative,44.886374,22.432673,2026-10-03,19:54:51,N,2.949575,0.499479,71.4,1,295.56,892456.5,128.5,6.92,S3B,S3B_SL,3.84
MWIR1km-alternative,44.905699,22.478931,2026-10-03,19:54:51,N,1.998402,0.468697,56.1,1,291.66,892255.688,128.5,6.83,S3B,S3B_SL,0.83
MWIR1km-alternative,44.902978,22.466711,2026-10-03,19:54:51,N,2.848929,0.505834,69.5,1,294.86,892255.688,128.5,6.83,S3B,S3B_SL,1.07
MWIR1km-alternative,44.900264,22.454476,2026-10-03,19:54:51,N,2.850049,0.493746,70.5,1,295.22,892456.5,128.5,6.92,S3B,S3B_SL,1.91
MWIR1km-alternative,44.89771,22.442035,2026-10-03,19:54:51,N,1.659652,0.4354,45.4,1,290.69,892456.5,128.5,6.92,S3B,S3B_SL,2.87
MWIR1km-alternative,44.911839,22.462905,2026-10-03,19:54:51,N,1.059279,0.457108,,0,287.6,892255.688,128.5,6.83,S3B,S3B_SL,1.95
MWIR1km-alternative,44.909214,22.450546,2026-10-03,19:54:51,N,0.970338,0.413511,,0,287.66,892456.5,128.5,6.92,S3B,S3B_SL,2.52
MWIR1km-alternative,44.906724,22.438005,2026-10-03,19:54:51,N,1.178382,0.419081,,0,288.61,892456.5,128.5,6.92,S3B,S3B_SL,3.33
MWIR1km-alternative,44.903951,22.425788,2026-10-03,19:54:51,N,0.896209,0.412016,,0,287.31,892456.5,128.5,6.92,S3B,S3B_SL,4.2
SWIR500m,44.890327,22.458175,2026-10-03,19:54:51,N,1.054542,0.149045,100.0,,,298914.781,128.5,6.92,S3B,S3B_SL,1.82
SWIR500m,44.885806,22.460336,2026-10-03,19:54:51,N,1.531081,1.289701,0.0,,,298914.781,128.5,6.92,S3B,S3B_SL,1.99
SWIR500m,44.777713,22.33902,2026-10-03,20:33:50,N,1.962637,1.186035,100.0,,,828879.625,133.28,47.57,S3A,S3A_SL,17.33
MWIR1km-standard,44.75722,22.330415,2026-10-04,20:07:15,N,5.093729,0.769068,79.9,1,299.77,1267052.625,130.51,16.32,S3A,S3A_SL,19.55
MWIR1km-standard,44.766563,22.339755,2026-10-04,20:07:15,N,6.618849,0.77278,83.7,2,302.3,1268281.125,130.5,16.39,S3A,S3A_SL,18.27
MWIR1km-standard,44.766424,22.325859,2026-10-04,20:07:15,N,2.082277,0.219332,97.1,2,315.83,1267052.625,130.51,16.32,S3A,S3A_SL,18.96
MWIR1km-standard,44.757333,22.3173,2026-10-04,20:07:15,N,5.178925,0.80303,80.4,2,300.11,1265832.0,130.49,16.25,S3A,S3A_SL,20.17
MWIR1km-standard,44.774718,22.33818,2026-10-04,20:07:15,N,6.109026,1.098896,83.7,2,302.3,1268281.125,130.5,16.39,S3A,S3A_SL,17.63
MWIR1km-standard,44.77449,22.324038,2026-10-04,20:07:15,N,3.728701,0.814535,60.4,1,297.88,1267052.625,130.49,16.32,S3A,S3A_SL,18.37
MWIR1km-standard,44.766439,22.312499,2026-10-04,20:07:15,N,10.170579,1.237486,91.3,2,309.08,1265832.0,130.49,16.25,S3A,S3A_SL,19.65
MWIR1km-standard,44.792125,22.332114,2026-10-04,20:07:15,N,5.796479,0.70045,80.8,2,300.35,1268281.125,130.48,16.39,S3A,S3A_SL,16.5
MWIR1km-standard,44.78373,22.306183,2026-10-04,20:07:15,N,5.375014,0.874463,79.5,1,299.51,1265832.0,130.47,16.25,S3A,S3A_SL,18.62
MWIR1km-alternative,44.766563,22.339755,2026-10-04,20:07:15,N,4.671794,0.546081,84.7,2,303.1,888451.375,130.51,16.32,S3A,S3A_SL,18.27
MWIR1km-alternative,44.766424,22.325859,2026-10-04,20:07:15,N,10.665766,1.123456,97.1,2,315.83,888451.375,130.51,16.32,S3A,S3A_SL,18.96
MWIR1km-alternative,44.757333,22.3173,2026-10-04,20:07:15,N,9.155649,1.020264,94.9,2,313.11,888451.375,130.51,16.32,S3A,S3A_SL,20.17
MWIR1km-alternative,44.774718,22.33818,2026-10-04,20:07:15,N,1.283216,1.032707,,0,290.72,888877.625,130.48,16.39,S3A,S3A_SL,17.63
MWIR1km-alternative,44.77449,22.324038,2026-10-04,20:07:15,N,3.421781,0.723367,74.9,1,298.42,888877.625,130.48,16.39,S3A,S3A_SL,18.37
MWIR1km-alternative,44.766439,22.312499,2026-10-04,20:07:15,N,8.205018,0.978295,92.6,2,310.48,888877.625,130.48,16.39,S3A,S3A_SL,19.65
MWIR1km-alternative,44.792125,22.332114,2026-10-04,20:07:15,N,3.683129,0.471823,79.0,1,299.22,888877.625,130.48,16.39,S3A,S3A_SL,16.5
MWIR1km-alternative,44.78373,22.306183,2026-10-04,20:07:15,N,2.432136,0.550915,69.3,1,295.14,888877.625,130.48,16.39,S3A,S3A_SL,18.62
MWIR1km-alternative,44.783912,22.33359,2026-10-04,20:07:15,N,0.889928,0.3048,,0,289.03,888877.625,130.48,16.39,S3A,S3A_SL,17.09
MWIR1km-alternative,44.783847,22.319886,2026-10-04,20:07:15,N,0.847088,0.303314,,0,288.84,888877.625,130.48,16.39,S3A,S3A_SL,17.83
MWIR1km-alternative,44.792173,22.318692,2026-10-04,20:07:15,N,3.696435,0.472703,79.1,1,299.27,888877.625,130.48,16.39,S3A,S3A_SL,17.25
SWIR500m,44.759466,22.329983,2026-10-04,20:07:15,N,1.707899,0.716707,0.0,,,328766.375,130.51,16.32,S3A,S3A_SL,19.37
SWIR500m,44.7595,22.323368,2026-10-04,20:07:15,N,3.591056,1.50696,0.0,,,328456.594,130.51,16.32,S3A,S3A_SL,19.69
SWIR500m,44.764243,22.334525,2026-10-04,20:07:15,N,1.015123,0.119374,100.0,,,328766.375,130.5,16.39,S3A,S3A_SL,18.73
SWIR500m,44.768932,22.332341,2026-10-04,20:07:15,N,3.416082,0.401718,0.0,,,328766.375,130.5,16.39,S3A,S3A_SL,18.42
SWIR500m,44.764169,22.327622,2026-10-04,20:07:15,N,1.443623,0.201681,0.0,,,328766.375,130.5,16.32,S3A,S3A_SL,19.07
SWIR500m,44.759545,22.316792,2026-10-04,20:07:15,N,1.453706,0.173677,0.0,,,328456.594,130.49,16.25,S3A,S3A_SL,20.01
SWIR500m,44.764195,22.314296,2026-10-04,20:07:15,N,1.339507,0.160034,0.0,,,328456.594,130.49,16.25,S3A,S3A_SL,19.74
SWIR500m,44.764239,22.307681,2026-10-04,20:07:15,N,1.423194,0.170032,0.0,,,328148.531,130.49,16.25,S3A,S3A_SL,20.08
SWIR500m,44.772167,22.332788,2026-10-04,20:07:15,N,2.091535,8.027883,0.0,,,328766.375,130.5,16.39,S3A,S3A_SL,18.12
SWIR500m,44.768823,22.30524,2026-10-04,20:07:15,N,0.881266,0.213352,100.0,,,328148.531,130.49,16.25,S3A,S3A_SL,19.84
MWIR1km-standard,44.89622,22.460934,2026-10-04,20:07:17,N,6.861643,0.816387,83.8,2,302.37,1283826.75,130.48,17.27,S3A,S3A_SL,1.4
MWIR1km-standard,44.913411,22.496925,2026-10-04,20:07:17,N,7.351079,1.047414,84.1,2,302.65,1287901.875,130.49,17.47,S3A,S3A_SL,2.23
MWIR1km-standard,44.913459,22.48277,2026-10-04,20:07:17,N,6.442819,0.823187,82.3,2,301.34,1286552.625,130.49,17.4,S3A,S3A_SL,1.73
MWIR1km-standard,44.905595,22.456703,2026-10-04,20:07:17,N,3.98487,0.741794,74.4,1,296.86,1283826.75,130.47,17.2,S3A,S3A_SL,1.9
MWIR1km-standard,44.922665,22.492313,2026-10-04,20:07:17,N,8.85702,1.292832,87.8,2,305.65,1287901.875,130.48,17.47,S3A,S3A_SL,2.93
MWIR1km-standard,44.913663,22.469163,2026-10-04,20:07:17,N,9.154744,1.308716,89.2,2,306.98,1285211.375,130.47,17.33,S3A,S3A_SL,1.87
MWIR1km-alternative,44.913411,22.496925,2026-10-04,20:07:17,N,5.54861,0.755466,86.2,2,304.28,895550.312,130.49,17.47,S3A,S3A_SL,2.23
MWIR1km-alternative,44.913459,22.48277,2026-10-04,20:07:17,N,5.281591,0.646263,85.4,2,303.61,895550.312,130.49,17.47,S3A,S3A_SL,1.73
MWIR1km-alternative,44.905595,22.456703,2026-10-04,20:07:17,N,4.965451,0.67517,84.7,2,303.06,894153.5,130.48,17.27,S3A,S3A_SL,1.9
MWIR1km-alternative,44.897102,22.435319,2026-10-04,20:07:17,N,1.478381,0.354359,57.9,1,291.96,894153.5,130.48,17.27,S3A,S3A_SL,3.4
SWIR500m,44.898483,22.467376,2026-10-04,20:07:17,N,1.385969,0.221125,0.0,,,332963.656,130.48,17.27,S3A,S3A_SL,0.88
SWIR500m,44.920443,22.493992,2026-10-04,20:07:17,N,1.594927,0.213433,0.0,,,333979.25,130.48,17.47,S3A,S3A_SL,2.76
MWIR1km-standard,44.905192,22.492247,2026-10-05,09:21:26,D,17.380143,2.598635,89.8,2,321.13,1407133.75,51.33,22.88,S3B,S3B_SL,1.33
MWIR1km-alternative,44.905192,22.492247,2026-10-05,09:21:26,D,12.11509,1.811418,89.8,2,321.13,980863.688,51.33,22.88,S3B,S3B_SL,1.33
MWIR1km-alternative,44.913477,22.509641,2026-10-05,09:21:26,D,6.735442,1.503051,78.9,1,312.97,980863.688,51.33,22.88,S3B,S3B_SL,2.98
MWIR1km-alternative,44.904951,22.508381,2026-10-05,09:21:26,D,7.415051,1.53418,82.1,2,314.12,980863.688,51.33,22.88,S3B,S3B_SL,2.47
MWIR1km-alternative,44.896438,22.485889,2026-10-05,09:21:26,D,8.358776,1.580922,85.8,0,315.67,980863.688,51.33,22.88,S3B,S3B_SL,0.61
MWIR1km-alternative,44.824338,22.75051,2026-10-05,19:41:26,N,1.306473,0.447331,,0,289.55,912970.188,127.58,20.37,S3A,S3A_SL,22.96
SWIR500m,44.843727,22.769871,2026-10-05,19:41:26,N,1.50154,2.752226,0.0,,,348932.031,127.6,20.3,S3A,S3A_SL,23.75
MWIR1km-standard,44.843153,22.76925,2026-10-05,19:41:27,N,6.939095,0.929538,81.7,2,300.94,1350572.5,127.58,20.37,S3A,S3A_SL,23.72
MWIR1km-alternative,44.837531,22.757746,2026-10-05,19:41:27,N,2.427628,0.495013,66.4,1,293.88,912970.188,127.58,20.37,S3A,S3A_SL,23.02
MWIR1km-alternative,44.85298,22.766738,2026-10-05,19:41:27,N,3.921315,0.584179,78.1,1,298.73,912970.188,127.58,20.37,S3A,S3A_SL,23.26
MWIR1km-alternative,44.866134,22.773559,2026-10-05,19:41:27,N,1.060379,0.440363,,0,288.5,912970.188,127.58,20.37,S3A,S3A_SL,23.52
MWIR1km-standard,44.740732,22.355186,2026-10-05,19:41:28,N,4.780228,1.227721,73.3,1,298.61,1411240.875,127.42,22.67,S3A,S3A_SL,20.03
MWIR1km-alternative,44.750805,22.353312,2026-10-05,19:41:28,N,2.449482,0.796119,62.0,1,296.41,934644.938,127.42,22.67,S3A,S3A_SL,19.13
MWIR1km-alternative,44.744644,22.341494,2026-10-05,19:41:28,N,2.380759,0.794067,57.7,1,296.19,934644.938,127.42,22.67,S3A,S3A_SL,20.21
MWIR1km-alternative,44.738394,22.329313,2026-10-05,19:41:28,N,3.520495,0.740273,82.1,2,301.22,935933.75,127.38,22.81,S3A,S3A_SL,21.31
MWIR1km-alternative,44.751984,22.336653,2026-10-05,19:41:28,N,2.151387,0.634947,66.0,1,297.27,935933.75,127.38,22.81,S3A,S3A_SL,19.74
SWIR500m,44.741218,22.356007,2026-10-05,19:41:28,N,1.293225,1.263144,100.0,,,363713.438,127.42,22.67,S3A,S3A_SL,19.95
SWIR500m,44.744319,22.36201,2026-10-05,19:41:28,N,1.506446,1.134753,0.0,,,363208.969,127.42,22.6,S3A,S3A_SL,19.42
SWIR500m,44.760404,22.311857,2026-10-05,19:41:28,N,1.647807,5.399401,0.0,,,364731.438,127.39,22.87,S3A,S3A_SL,20.19
SWIR500m,44.78404,22.345851,2026-10-05,19:41:28,N,2.412075,2.798971,0.0,,,363208.969,127.39,22.6,S3A,S3A_SL,16.45
MWIR1km-standard,44.763113,22.317446,2026-10-05,19:41:29,N,4.802959,1.185567,61.6,1,300.28,1415396.0,127.38,22.81,S3A,S3A_SL,19.67
MWIR1km-standard,44.785478,22.338682,2026-10-05,19:41:29,N,10.202048,1.321355,89.5,2,307.27,1411240.875,127.38,22.67,S3A,S3A_SL,16.69
MWIR1km-standard,44.883006,22.468265,2026-10-05,19:41:29,N,6.283819,0.665923,87.7,2,305.56,1387240.5,127.39,21.79,S3A,S3A_SL,1.87
MWIR1km-standard,44.900702,22.50265,2026-10-05,19:41:29,N,22.696842,2.338491,100.0,2,330.54,924576.625,127.4,21.59,S3A,S3A_SL,1.92
MWIR1km-standard,44.894911,22.491893,2026-10-05,19:41:29,N,13.337484,1.446609,99.1,2,318.73,924576.625,127.4,21.66,S3A,S3A_SL,1.12
MWIR1km-standard,44.889035,22.480508,2026-10-05,19:41:29,N,5.947565,0.876241,86.8,2,304.78,1385310.25,127.39,21.73,S3A,S3A_SL,1.03
MWIR1km-standard,44.906531,22.513786,2026-10-05,19:41:29,N,31.628259,3.203199,100.0,2,339.02,924576.625,127.4,21.52,S3A,S3A_SL,2.93
MWIR1km-standard,44.904851,22.489669,2026-10-05,19:41:29,N,6.937768,0.794809,89.4,2,307.1,924576.625,127.39,21.66,S3A,S3A_SL,1.15
MWIR1km-standard,44.898938,22.477988,2026-10-05,19:41:29,N,5.092699,0.616591,84.2,2,302.66,924576.625,127.38,21.73,S3A,S3A_SL,0.09
MWIR1km-standard,44.887038,22.45466,2026-10-05,19:41:29,N,4.267365,0.653543,51.5,1,300.43,924576.625,127.4,21.66,S3A,S3A_SL,2.25
MWIR1km-alternative,44.785478,22.338682,2026-10-05,19:41:29,N,6.402063,0.818536,90.4,2,308.1,935933.75,127.38,22.81,S3A,S3A_SL,16.69
MWIR1km-alternative,44.883006,22.468265,2026-10-05,19:41:29,N,6.283819,0.665923,87.7,2,305.56,924576.625,127.4,21.66,S3A,S3A_SL,1.87
MWIR1km-alternative,44.900702,22.50265,2026-10-05,19:41:29,N,22.696842,2.338491,100.0,2,330.54,924576.625,127.4,21.66,S3A,S3A_SL,1.92
MWIR1km-alternative,44.894911,22.491893,2026-10-05,19:41:29,N,13.337484,1.446609,99.1,2,318.73,924576.625,127.4,21.66,S3A,S3A_SL,1.12
MWIR1km-alternative,44.889035,22.480508,2026-10-05,19:41:29,N,5.947565,0.876241,86.8,2,304.78,924576.625,127.4,21.66,S3A,S3A_SL,1.03
MWIR1km-alternative,44.906531,22.513786,2026-10-05,19:41:29,N,31.628259,3.203199,100.0,2,339.02,924576.625,127.4,21.66,S3A,S3A_SL,2.93
MWIR1km-alternative,44.904851,22.489669,2026-10-05,19:41:29,N,6.937768,0.794809,89.4,2,307.1,924576.625,127.4,21.66,S3A,S3A_SL,1.15
MWIR1km-alternative,44.898938,22.477988,2026-10-05,19:41:29,N,5.092699,0.616591,84.2,2,302.66,924576.625,127.4,21.66,S3A,S3A_SL,0.09
MWIR1km-alternative,44.773273,22.316076,2026-10-05,19:41:29,N,2.465838,0.766635,50.4,1,298.23,935933.75,127.38,22.81,S3A,S3A_SL,18.89
MWIR1km-alternative,44.779512,22.328105,2026-10-05,19:41:29,N,5.822708,0.932159,89.1,2,306.84,935933.75,127.38,22.81,S3A,S3A_SL,17.74
MWIR1km-alternative,44.887038,22.45466,2026-10-05,19:41:29,N,4.267365,0.653543,81.0,2,300.43,924576.625,127.4,21.66,S3A,S3A_SL,2.25
SWIR500m,44.890405,22.493718,2026-10-05,19:41:29,N,1.376233,0.267958,100.0,,,356917.844,127.4,21.66,S3A,S3A_SL,1.48
SWIR500m,44.892542,22.487204,2026-10-05,19:41:29,N,1.020549,0.198704,100.0,,,356917.844,127.4,21.66,S3A,S3A_SL,0.93
SWIR500m,44.888608,22.46794,2026-10-05,19:41:29,N,1.992465,0.205958,100.0,,,357853.719,127.39,21.79,S3A,S3A_SL,1.35
SWIR500m,44.89366,22.466883,2026-10-05,19:41:29,N,1.137979,0.447604,100.0,,,357853.719,127.39,21.73,S3A,S3A_SL,1.05
SWIR500m,44.781067,22.340555,2026-10-05,19:41:29,N,1.519408,0.345808,0.0,,,363713.438,127.39,22.67,S3A,S3A_SL,16.97
SWIR500m,44.783178,22.334234,2026-10-05,19:41:29,N,0.826386,0.188079,100.0,,,363713.438,127.39,22.67,S3A,S3A_SL,17.12
SWIR500m,44.881479,22.476009,2026-10-05,19:41:29,N,3.063531,5.004522,0.0,,,357384.062,127.4,21.73,S3A,S3A_SL,1.87
SWIR500m,44.899127,22.510102,2026-10-05,19:41:29,N,3.315487,30.596959,0.0,,,355936.0,127.41,21.52,S3A,S3A_SL,2.49
SWIR500m,44.8916,22.473775,2026-10-05,19:41:29,N,1.176398,1.169553,100.0,,,357384.062,127.4,21.73,S3A,S3A_SL,0.82
SWIR500m,44.901192,22.503229,2026-10-05,19:41:29,N,14.580542,13.094335,0.0,,,356454.094,127.4,21.52,S3A,S3A_SL,1.98
SWIR500m,44.90625,22.501903,2026-10-05,19:41:29,N,1.833947,1.647011,0.0,,,356454.094,127.4,21.52,S3A,S3A_SL,2.05
MWIR1km-standard,44.900389,22.461188,2026-10-05,19:41:30,N,1.951766,0.527602,,0,293.09,924576.625,127.4,21.66,S3A,S3A_SL,1.39
MWIR1km-standard,44.912241,22.484553,2026-10-05,19:41:30,N,1.247613,0.504084,,0,290.4,924576.625,127.4,21.66,S3A,S3A_SL,1.63
MWIR1km-standard,44.906346,22.47303,2026-10-05,19:41:30,N,3.10542,0.580491,63.0,1,297.01,924576.625,127.4,21.66,S3A,S3A_SL,1.0
MWIR1km-alternative,44.900389,22.461188,2026-10-05,19:41:30,N,1.951766,0.527602,63.2,1,293.09,924576.625,127.4,21.66,S3A,S3A_SL,1.39
MWIR1km-alternative,44.912241,22.484553,2026-10-05,19:41:30,N,1.247613,0.504084,35.7,1,290.4,924576.625,127.4,21.66,S3A,S3A_SL,1.63
MWIR1km-alternative,44.906346,22.47303,2026-10-05,19:41:30,N,3.10542,0.580491,74.8,1,297.01,924576.625,127.4,21.66,S3A,S3A_SL,1.0
SWIR500m,44.75353,22.307635,2026-10-05,20:44:04,N,4.801199,0.59022,100.0,,,1381003.5,135.14,55.94,S3B,S3B_SL,20.98
SWIR500m,44.753072,22.300735,2026-10-05,20:44:04,N,4.25201,0.522686,100.0,,,1381003.5,135.14,55.94,S3B,S3B_SL,21.38
SWIR500m,44.769108,22.287983,2026-10-05,20:44:04,N,4.048821,0.494714,100.0,,,1381003.5,135.13,55.9,S3B,S3B_SL,20.78
MWIR1km-standard,44.908866,22.505069,2026-10-06,08:55:31,D,29.064312,3.79078,96.9,2,333.22,1269517.375,53.43,16.14,S3B,S3B_SL,2.41
MWIR1km-standard,44.85224,22.757665,2026-10-06,08:55:31,D,10.98659,2.650067,86.5,2,316.3,1246019.5,53.28,14.74,S3B,S3B_SL,22.58
MWIR1km-standard,44.844238,22.781465,2026-10-06,08:55:31,D,8.451667,1.164633,83.4,2,312.62,1243846.0,53.26,14.61,S3B,S3B_SL,24.62
MWIR1km-alternative,44.908866,22.505069,2026-10-06,08:55:31,D,21.334695,2.782627,96.9,2,333.22,931890.875,53.43,16.14,S3B,S3B_SL,2.41
MWIR1km-alternative,44.85224,22.757665,2026-10-06,08:55:31,D,8.151938,1.966323,86.5,2,316.3,924533.875,53.28,14.74,S3B,S3B_SL,22.58
MWIR1km-alternative,44.844238,22.781465,2026-10-06,08:55:31,D,6.021777,0.829796,83.4,2,312.62,924533.875,53.28,14.74,S3B,S3B_SL,24.62
MWIR1km-alternative,44.904643,22.516845,2026-10-06,08:55:31,D,10.687389,2.07211,87.4,2,320.82,931890.875,53.43,16.14,S3B,S3B_SL,3.1
MWIR1km-alternative,44.840048,22.765511,2026-10-06,08:55:31,D,10.386889,2.070064,89.0,2,319.75,924533.875,53.28,14.74,S3B,S3B_SL,23.52
MWIR1km-standard,44.890461,22.474233,2026-10-06,08:55:32,D,7.928818,1.776057,81.3,2,310.3,1272027.375,53.43,16.28,S3B,S3B_SL,0.92
MWIR1km-alternative,44.890461,22.474233,2026-10-06,08:55:32,D,5.813455,1.302216,81.3,2,310.3,932657.812,53.43,16.28,S3B,S3B_SL,0.92
MWIR1km-alternative,44.878111,22.482045,2026-10-06,08:55:32,D,4.487994,1.247943,73.6,1,307.56,932657.812,53.43,16.28,S3B,S3B_SL,2.25
MWIR1km-standard,44.789585,22.343007,2026-10-06,08:55:34,D,18.656961,2.02055,90.7,2,322.3,1281183.875,53.37,16.75,S3B,S3B_SL,16.12
MWIR1km-alternative,44.789585,22.343007,2026-10-06,08:55:34,D,13.620922,1.475147,90.7,2,322.3,935356.25,53.37,16.75,S3B,S3B_SL,16.12
MWIR1km-alternative,44.793916,22.331481,2026-10-06,08:55:34,D,3.871894,0.672112,75.6,0,305.34,935356.25,53.37,16.75,S3B,S3B_SL,16.4
MWIR1km-alternative,44.785256,22.354903,2026-10-06,08:55:34,D,7.803917,0.957046,84.1,2,313.33,935356.25,53.37,16.75,S3B,S3B_SL,15.9
MWIR1km-standard,44.745902,22.355403,2026-10-06,08:55:35,D,8.828413,1.366826,82.6,2,311.64,1278521.125,53.33,16.61,S3B,S3B_SL,19.52
MWIR1km-alternative,44.745902,22.355403,2026-10-06,08:55:35,D,6.453438,0.99913,82.6,2,311.64,934579.875,53.33,16.61,S3B,S3B_SL,19.52
MWIR1km-alternative,44.750204,22.343501,2026-10-06,08:55:35,D,3.518463,0.838022,72.8,1,305.52,934579.875,53.33,16.61,S3B,S3B_SL,19.6
MWIR1km-standard,44.746513,22.344904,2026-10-06,20:17:13,N,7.943186,1.528642,83.5,2,302.16,1628753.875,132.46,28.46,S3B,S3B_SL,19.89
MWIR1km-standard,44.748786,22.329184,2026-10-06,20:17:13,N,10.000796,1.261227,87.1,2,305.08,1625591.75,132.46,28.39,S3B,S3B_SL,20.36
MWIR1km-standard,44.751171,22.314403,2026-10-06,20:17:13,N,5.054463,0.973531,77.1,1,298.19,1622394.0,132.45,28.33,S3B,S3B_SL,20.85
MWIR1km-standard,44.770814,22.292417,2026-10-06,20:17:13,N,10.641008,1.556135,88.3,2,306.12,1619224.625,132.43,28.26,S3B,S3B_SL,20.39
MWIR1km-alternative,44.748786,22.329184,2026-10-06,20:17:13,N,4.140869,0.646978,80.8,2,300.3,1024591.562,132.46,28.46,S3B,S3B_SL,20.36
MWIR1km-alternative,44.751171,22.314403,2026-10-06,20:17:13,N,2.826446,0.639619,74.4,1,296.86,1024591.562,132.46,28.46,S3B,S3B_SL,20.85
MWIR1km-alternative,44.770814,22.292417,2026-10-06,20:17:13,N,1.964637,0.756303,54.3,1,294.34,1024591.562,132.46,28.46,S3B,S3B_SL,20.39
MWIR1km-alternative,44.741679,22.3199,2026-10-06,20:17:13,N,8.566897,0.893336,91.8,2,309.59,1024591.562,132.46,28.46,S3B,S3B_SL,21.43
MWIR1km-alternative,44.756769,22.329029,2026-10-06,20:17:13,N,1.772199,0.852231,50.8,1,293.72,1024591.562,132.46,28.46,S3B,S3B_SL,19.65
MWIR1km-alternative,44.753227,22.29742,2026-10-06,20:17:13,N,3.696211,0.908977,79.0,1,299.21,1024591.562,132.46,28.46,S3B,S3B_SL,21.54
MWIR1km-alternative,44.761479,22.298978,2026-10-06,20:17:13,N,2.540312,0.869194,72.2,1,296.06,1024591.562,132.46,28.46,S3B,S3B_SL,20.77
MWIR1km-alternative,44.755465,22.281756,2026-10-06,20:17:13,N,1.447363,0.842148,35.5,1,292.7,1024591.562,132.46,28.46,S3B,S3B_SL,22.2
MWIR1km-alternative,44.763732,22.283352,2026-10-06,20:17:13,N,4.061769,0.923047,80.5,2,300.16,1024591.562,132.46,28.46,S3B,S3B_SL,21.46
SWIR500m,44.745601,22.325993,2026-10-06,20:17:13,N,1.977538,0.357534,0.0,,,417613.594,132.46,28.39,S3B,S3B_SL,20.8
SWIR500m,44.749007,22.330113,2026-10-06,20:17:13,N,1.551862,0.280574,0.0,,,418414.781,132.46,28.39,S3B,S3B_SL,20.3
SWIR500m,44.767597,22.289014,2026-10-06,20:17:13,N,3.123881,0.527875,0.0,,,416023.594,132.43,28.26,S3B,S3B_SL,20.84
SWIR500m,44.771021,22.293304,2026-10-06,20:17:13,N,1.594763,0.269487,0.0,,,416816.5,132.43,28.26,S3B,S3B_SL,20.33
SWIR500m,44.746778,22.318451,2026-10-06,20:17:13,N,1.811277,0.189554,0.0,,,417613.594,132.45,28.33,S3B,S3B_SL,21.04
SWIR500m,44.775688,22.290023,2026-10-06,20:17:13,N,1.555226,0.220615,100.0,,,416816.5,132.42,28.26,S3B,S3B_SL,20.16
MWIR1km-standard,44.78949,22.33362,2026-10-06,20:17:14,N,7.253363,1.190124,81.1,2,300.52,1628753.875,132.43,28.46,S3B,S3B_SL,16.63
MWIR1km-alternative,44.78949,22.33362,2026-10-06,20:17:14,N,3.723328,0.716014,77.5,1,298.38,1024591.562,132.43,28.46,S3B,S3B_SL,16.63
MWIR1km-alternative,44.796693,22.343904,2026-10-06,20:17:14,N,3.728688,0.429918,77.5,1,298.38,1024591.562,132.43,28.46,S3B,S3B_SL,15.49
MWIR1km-alternative,44.801317,22.312904,2026-10-06,20:17:14,N,5.246437,0.806467,83.5,2,302.17,1024591.562,132.43,28.46,S3B,S3B_SL,16.93
MWIR1km-alternative,44.794083,22.302685,2026-10-06,20:17:14,N,3.539747,0.704925,75.6,1,297.92,1024591.562,132.43,28.46,S3B,S3B_SL,18.06
SWIR500m,44.789924,22.334608,2026-10-06,20:17:14,N,1.557,4.832988,100.0,,,419219.906,132.43,28.52,S3B,S3B_SL,16.54
SWIR500m,44.794532,22.331672,2026-10-06,20:17:14,N,1.489755,4.624257,0.0,,,419219.906,132.43,28.52,S3B,S3B_SL,16.34
MWIR1km-standard,44.877635,22.467618,2026-10-06,20:17:15,N,5.380026,1.103795,74.3,1,297.3,1665036.5,132.48,29.3,S3B,S3B_SL,2.44
MWIR1km-alternative,44.877635,22.467618,2026-10-06,20:17:15,N,5.380026,1.103795,,0,286.1,1665036.5,132.48,29.3,S3B,S3B_SL,2.44
MWIR1km-standard,44.852815,22.76706,2026-10-06,20:17:16,N,7.389816,1.117109,77.0,1,298.1,1732783.375,132.64,30.71,S3B,S3B_SL,23.29
MWIR1km-standard,44.86244,22.760919,2026-10-06,20:17:16,N,6.96003,1.071665,76.1,1,297.67,1732783.375,132.63,30.71,S3B,S3B_SL,22.6
MWIR1km-standard,44.85558,22.750585,2026-10-06,20:17:16,N,16.367935,1.745437,92.0,2,309.79,1729035.5,132.63,30.64,S3B,S3B_SL,21.96
MWIR1km-standard,44.88557,22.467851,2026-10-06,20:17:16,N,25.779798,4.198089,83.9,2,302.47,1665036.5,132.48,29.3,S3B,S3B_SL,1.64
MWIR1km-alternative,44.852815,22.76706,2026-10-06,20:17:16,N,7.389816,1.117109,,0,282.93,1732783.375,132.64,30.71,S3B,S3B_SL,23.29
MWIR1km-alternative,44.86244,22.760919,2026-10-06,20:17:16,N,6.96003,1.071665,,0,283.36,1732783.375,132.63,30.71,S3B,S3B_SL,22.6
MWIR1km-alternative,44.85558,22.750585,2026-10-06,20:17:16,N,16.367935,1.745437,,0,283.69,1729035.5,132.63,30.64,S3B,S3B_SL,21.96
MWIR1km-alternative,44.88557,22.467851,2026-10-06,20:17:16,N,6.435494,1.047982,83.9,2,302.47,1032701.375,132.48,29.3,S3B,S3B_SL,1.64
SWIR500m,44.85475,22.759816,2026-10-06,20:17:16,N,1.882147,0.309779,0.0,,,444644.625,132.64,30.71,S3B,S3B_SL,22.69
SWIR500m,44.859461,22.756897,2026-10-06,20:17:16,N,3.607053,2.555146,0.0,,,444644.625,132.63,30.71,S3B,S3B_SL,22.35
SWIR500m,44.886054,22.468756,2026-10-06,20:17:16,N,3.29495,0.411153,0.0,,,428385.438,132.47,29.3,S3B,S3B_SL,1.55
SWIR500m,44.88263,22.46532,2026-10-06,20:17:16,N,3.297932,0.411519,0.0,,,428385.438,132.47,29.3,S3B,S3B_SL,2.02
SWIR500m,44.85614,22.751624,2026-10-06,20:17:16,N,4.183841,1.261458,0.0,,,444644.625,132.63,30.64,S3B,S3B_SL,22.02
MWIR1km-standard,45.01113,22.417853,2026-10-06,20:17:18,N,7.076087,0.843292,76.9,1,298.08,1661632.0,132.36,29.23,S3B,S3B_SL,13.43
MWIR1km-alternative,45.01113,22.417853,2026-10-06,20:17:18,N,7.076087,0.843292,,0,282.59,1661632.0,132.36,29.23,S3B,S3B_SL,13.43
SWIR500m,45.01291,22.411603,2026-10-06,20:17:18,N,2.614629,0.340397,0.0,,,426677.719,132.36,29.23,S3B,S3B_SL,13.8
MWIR1km-standard,44.915247,22.494812,2026-10-07,09:07:50,D,19.048254,2.214744,92.3,2,324.91,1160107.375,52.89,7.27,S3A,S3A_SL,2.29
MWIR1km-standard,44.882265,22.468715,2026-10-07,09:07:50,D,21.635887,2.386684,93.8,2,327.37,1159823.625,52.87,7.23,S3A,S3A_SL,1.93
MWIR1km-standard,44.880396,22.481252,2026-10-07,09:07:50,D,16.264038,1.780784,90.9,2,322.53,1160107.375,52.86,7.28,S3A,S3A_SL,1.99
MWIR1km-alternative,44.915247,22.494812,2026-10-07,09:07:50,D,13.946814,1.621599,92.3,2,324.91,849411.25,52.89,7.27,S3A,S3A_SL,2.29
MWIR1km-alternative,44.882265,22.468715,2026-10-07,09:07:50,D,15.650768,1.726457,93.8,2,327.37,849259.625,52.87,7.23,S3A,S3A_SL,1.93
MWIR1km-alternative,44.880396,22.481252,2026-10-07,09:07:50,D,12.100126,1.324869,90.9,2,322.53,849259.625,52.87,7.23,S3A,S3A_SL,1.99
MWIR1km-standard,44.790981,22.34101,2026-10-07,09:07:52,D,13.652716,1.434468,87.7,2,317.98,1157988.5,52.82,6.98,S3A,S3A_SL,16.11
MWIR1km-standard,44.788825,22.353587,2026-10-07,09:07:52,D,6.382625,0.777873,78.3,1,307.67,1158250.5,52.81,7.01,S3A,S3A_SL,15.65
MWIR1km-alternative,44.790981,22.34101,2026-10-07,09:07:52,D,9.93072,1.043404,87.7,2,317.98,848309.125,52.82,6.98,S3A,S3A_SL,16.11
MWIR1km-alternative,44.788825,22.353587,2026-10-07,09:07:52,D,4.74634,0.578453,78.3,1,307.67,848309.125,52.82,6.98,S3A,S3A_SL,15.65
MWIR1km-alternative,44.793086,22.328421,2026-10-07,09:07:52,D,2.155124,0.37362,68.0,1,300.8,848309.125,52.82,6.98,S3A,S3A_SL,16.63
